driverId,name,ssn,location,certified,wage-plan
10,Christopher Strickland,635-12-9239,"24779 Sheena Valleys
Port Andrew, FM 58019",N,hours
11,Matthew Lara,394-60-4405,"33943 Anderson Key Suite 270
Phillipchester, MS 26849",N,hours
12,Emily Logan,174-42-6822,"142 Jeffery Club
East Joshua, MO 77325",N,miles
13,Christine Shields,214-93-1436,"PSC 5540, Box 3883
APO AP 77897",N,miles
14,Andrew Ramsey,077-94-5101,"6068 Collins Shoals
Port Ryan, KS 96499",N,miles
15,Anna Lewis,124-48-9215,"12037 Shaw Squares Suite 307
South Frank, CO 67906",Y,hours
16,Abigail Roberts,202-85-1422,"2537 Hurst Mountains
Sototon, MI 92931",Y,miles
17,Julie Kennedy,237-16-4394,"7307 Wade Causeway Suite 600
Adamville, NM 09961",Y,hours
18,Michael James,171-68-9371,"9572 Davis Mountain Suite 300
Riceshire, VI 16801",N,hours
19,Philip Wilson,233-66-4253,"09817 Stacey Common Apt. 311
West Cassandrachester, AK 37693",N,miles
20,Sherry Kirk,735-62-3654,"3560 Cassandra Mountain Apt. 343
Glennside, IN 46259",N,hours
21,Keith Curry,079-89-6237,"54617 Holmes Courts Suite 124
Nicholasstad, KY 88203",N,hours
22,Sandra Parker,637-35-3787,"1081 Michelle Ridge Suite 213
East Paulbury, OH 39011",N,miles
23,Rebecca Davis,628-67-8650,"3405 Randall Inlet
East Ashleychester, SD 87238",N,hours
24,Roberto Smith,408-21-8849,"7214 Allen Rest Apt. 453
Hallside, MN 73785",Y,miles
25,Bill Richardson,046-37-0349,"0736 Johnson Pike Suite 980
Port Michaelbury, VT 07828",Y,hours
26,Lisa Swanson,779-97-3426,"0689 Burns Hills Suite 168
Waltonton, GA 46348",Y,miles
27,Matthew Hall,542-85-3896,"86024 Barnes Pass Apt. 760
New Glennfort, GA 95996",N,miles
28,Gerald Hernandez,836-12-9335,"45490 Tucker Bridge Suite 818
Kellybury, AK 08186",Y,miles
29,Sarah Watson,214-84-4848,"8080 Martin Walk Apt. 970
New Jason, FL 43052",N,hours
30,Ronald Flowers,561-07-6912,"384 Hannah Road Suite 931
Fernandezview, DE 08653",Y,hours
31,James Knox,867-49-5297,"5308 Cox Crest
Port Luis, CA 64897",Y,miles
32,Carla Shepard,495-23-6845,"Unit 2308 Box 1286
DPO AP 60133",N,hours
33,Rebecca Page,795-45-2599,"80667 Edwards Station Apt. 921
Lake Bryanton, MD 83032",N,miles
34,Justin Patterson,341-98-0347,"44221 Roberts Expressway Suite 844
South Thomasville, NC 63751",Y,hours
35,Matthew Webster DVM,863-65-8391,"69789 Cruz Ports Suite 260
Danielburgh, MD 95938",Y,hours
36,Evan Riley,503-17-2543,"639 Sarah Road Apt. 862
West Stephenberg, AS 91650",N,miles
37,Samantha Mckinney,766-34-2516,"8152 Cheyenne Shoal Suite 098
New Christineberg, FL 83659",Y,miles
38,Nicholas Barron,545-93-5654,"PSC 5615, Box 7900
APO AE 93325",N,hours
39,Angela Baker MD,072-48-5646,"1439 Joel Canyon Apt. 563
South Angelaberg, GU 04133",N,miles
40,Jennifer Palmer,400-04-6081,"3406 Michelle Mountain Suite 426
Lake Michaelmouth, CO 63850",Y,miles
41,Brittany Clay,268-89-9129,"67917 Jesse Coves Suite 670
Port Brenda, IL 47523",Y,hours
42,Stephanie Davis,183-34-3139,"534 Henry Gateway Apt. 687
Port Jennifer, FL 92738",Y,miles
43,Albert White,713-46-4484,"365 Michelle Hills Apt. 824
Amandafort, AL 46246",Y,miles
44,Rebecca Briggs,588-74-2116,"Unit 0933 Box 9839
DPO AA 66860",Y,hours
45,Amanda Joseph,549-63-5866,"7205 Pamela Way
Fostermouth, SC 03473",N,hours
46,Joseph Lambert,215-74-5482,"842 Pittman Rue
Lake Karen, DC 52645",N,hours
47,Joshua Acevedo,209-57-5379,"87012 Theresa Field
West Sarahport, DE 27367",N,hours
48,Johnathan Lam,627-42-9433,"748 Michelle Throughway
Nicolefort, TN 52717",N,hours
49,Joshua Rivers,508-53-4023,"15872 Brian Bypass Suite 402
Chadhaven, MS 57369",Y,miles
50,Brandy Swanson,246-78-1387,"95109 James Orchard Apt. 836
Foleyfurt, NM 60822",Y,miles
51,Kevin Watson,194-77-6679,"1864 Briggs Roads
West Marthaside, ID 50261",Y,miles
52,Gabrielle Bowman,497-80-4881,"231 Henry Wall
New Kayla, NM 41554",Y,miles
53,Kimberly Rodriguez,564-13-5716,"3943 Sherry Fork
Jasontown, OR 99144",Y,miles
54,Christine Hansen,030-98-1093,"7893 Aaron Park
Natalieburgh, PR 04074",N,miles
55,Gary Nelson,588-57-9670,"622 Nicole Valley Apt. 540
Thomasfort, WY 72233",N,miles
56,William Hernandez,547-30-2950,"9055 Kevin Corner Suite 557
New Margaretfurt, PA 59473",Y,miles
57,Matthew Taylor,491-33-1662,"217 Jensen Camp
Ronaldbury, OK 03430",N,miles
58,Casey Graham,473-59-3375,"USNS Frazier
FPO AA 91695",N,hours
59,Joshua Baker,629-32-4998,"537 Jeffrey Cliffs Suite 098
New Misty, RI 50739",Y,hours
60,William Vance,366-93-5008,"479 Martinez Brooks Suite 955
West Kelseystad, OR 04941",Y,miles
61,Sara Stevenson,275-69-8475,"711 Parks Pine Apt. 378
Penaview, NJ 14767",N,miles
62,Mary Davis,383-90-8116,"USNS Harris
FPO AE 08209",Y,miles
63,Charles Adams,136-80-5989,"85287 Sullivan Pass
Connerside, WI 65007",N,hours
64,Angel Williams,400-47-2321,"031 Long Grove
Port Brandi, AZ 11962",N,miles
65,Cheryl Wiggins,895-26-0460,"Unit 9993 Box 7603
DPO AP 37510",N,hours
66,Antonio Martinez,070-77-5615,"11311 Steven Crossroad
Lake Erin, VI 64557",N,miles
67,Anthony Erickson,299-37-5159,"6875 Guerrero Mission Suite 453
Lake Jeffrey, SD 99576",N,hours
68,Billy Knapp,537-65-1798,"1624 Jessica Track
Johnsonstad, OH 25395",N,miles
69,Candace Hanson,857-47-2264,"868 Alejandro Prairie Apt. 620
Mooneyberg, VI 80492",Y,miles
70,Susan Alexander,350-96-2587,"33319 Randall Villages Suite 962
Aguirretown, OK 43740",Y,miles
71,Brenda Reed,857-89-1005,"334 Laurie Mountain Suite 272
Kimstad, IA 90400",Y,miles
72,Brandon Black,154-82-1600,"42241 Ward Lock
Flynnview, NH 22215",N,miles
73,Leslie Rodriguez,058-75-4230,"94324 King Manor
New Thomasfort, AK 07228",Y,miles
74,Bobby Middleton,715-13-1262,"504 Lori Mall Suite 001
Lake Roy, NH 66824",Y,miles
75,Daniel Lewis,609-62-3934,"6361 Michael Landing Apt. 507
North Rebeccafort, ID 32906",N,hours
76,Keith Graham,085-63-1243,"9017 Ward Islands
Davidsonport, LA 53572",Y,miles
77,William Watts,782-55-7483,"167 Sarah Mall Suite 112
West Ashleeberg, NE 20024",N,hours
78,Donna Stuart,682-09-3326,"50061 Brandon Light Suite 303
Woodton, AL 25236",Y,miles
79,Judith Graham,310-81-3849,"870 Bradley Summit
Port Justinstad, VI 79286",Y,miles
80,Allison Perez,262-41-6508,"20704 Ashley Drive Apt. 559
North Wendytown, IN 27949",Y,miles
81,Michelle Booth,229-21-7364,"081 Brian Road
New Whitney, PR 83652",Y,miles
82,Kelly Martinez DVM,834-15-8592,"271 Davis Hills
North Lisa, MD 87635",N,miles
83,Christopher Mcclure,291-09-8762,"3652 Bruce Extension Apt. 352
South Sandra, NJ 00656",N,hours
84,James Mcknight,876-76-5868,"Unit 9024 Box 3822
DPO AP 11104",N,miles
85,Brian Schneider,235-05-5949,"02108 White Bypass Apt. 585
Johnsonmouth, DC 49765",Y,miles
86,Sandra Fuller,454-32-7884,"427 Sosa Ports Suite 489
New Amandamouth, SC 46516",N,hours
87,Jorge Chapman,453-09-2602,"5366 Potts Turnpike Apt. 466
North Monica, NH 50404",Y,miles
88,Robert Coleman DDS,784-73-2335,"09989 Nina Fall Apt. 611
West Jose, VA 74114",N,hours
89,Thomas Rasmussen,467-38-6463,"6544 Edwards Mount
Thomaston, MT 01758",N,hours
90,Rachel Silva,098-36-6933,"16522 Clark Drive
New Reginald, MS 37001",Y,hours
91,Sabrina Jackson,520-67-7901,"35989 Patrick Drive Suite 540
Robinsonton, VI 91799",Y,hours
92,Troy Hall,020-72-0802,"Unit 3355 Box 0372
DPO AP 66622",N,hours
93,Mrs. Cindy Underwood,361-83-2793,"89313 Kenneth Spring
Nicoletown, MH 20454",Y,miles
94,Mark Barron,440-72-7379,"7716 Hensley Oval
Joseland, MD 14676",N,hours
95,Jeffery Michael,006-56-0088,"4666 Vincent Bypass
Veronicaberg, IA 23866",Y,miles
96,James Webb,180-65-5988,"09568 Jonathan Rest Suite 765
South Jonathanburgh, OK 04531",N,hours
97,Steven Ramirez,459-55-8478,"028 Daniel Freeway
Lake Anthony, ME 25339",N,hours
98,Adrian Mills,059-27-0407,"01564 Jones Pine
East Stephanie, OR 54858",N,miles
99,Timothy Scott,151-25-8351,"970 Craig Alley
Lake Peterborough, IA 10522",N,miles
100,Sean Combs,867-38-9387,"477 Andrew Terrace
New Davidberg, OR 17343",Y,hours
101,Todd King,311-50-3136,"018 Thompson Mill Suite 117
Whitestad, MI 04252",N,hours
102,Joel Gonzalez,626-58-0981,"6745 Mary Passage Apt. 979
New Sally, PA 34715",Y,miles
103,Ashley James,757-92-8201,"413 Vanessa Crossroad Suite 449
Garciabury, IA 49771",N,hours
104,Brandon Cook,108-64-3249,"49887 Cody Crossroad
North Tinahaven, TN 70935",N,miles
105,Joshua Brown,845-30-5904,"28144 Davis Key
Jamesfort, CT 12190",Y,miles
106,Heather Walsh,886-02-2204,"07405 Justin Drive
Alexfurt, NY 59919",N,miles
107,Alan Powell,337-14-2074,"07739 Anthony Fall Apt. 442
Lake Michelebury, IA 92655",N,hours
108,Scott Marshall,529-74-3216,"89542 Conrad Course
North Sandra, WY 33002",N,miles
109,Jennifer Winters,367-86-0208,"998 Julia Locks Apt. 296
Russellberg, MD 12161",Y,hours
110,Lisa Robinson,493-57-0198,"578 Mcdaniel Extension Suite 736
Jonesview, MH 35541",Y,hours
111,John Rios Jr.,069-50-8122,"81597 Lynn Road Apt. 139
North Coryfurt, PA 59449",N,miles
112,Michael Hoover,463-95-8918,"692 Hunter Plaza Apt. 286
Joyceport, MP 37557",Y,miles
113,Ashlee Henderson,305-52-7014,"847 Glenn Drive Apt. 773
Joneston, AK 85313",Y,hours
114,Robyn Patel,501-83-1159,"PSC 3354, Box 7017
APO AA 27260",N,hours
115,Jason Patton,349-82-4781,"5165 Sarah Branch Apt. 460
Paulview, SD 98574",N,miles
116,Jessica Dixon,290-99-7215,"24602 Lewis Bridge Suite 454
Mosesside, AL 10604",Y,hours
117,Jesus White,664-51-8359,"164 Bruce Canyon Apt. 616
Peterfurt, NY 91911",N,miles
118,Jeffery Holloway,583-82-8537,"0889 Johnson Camp Suite 926
Freemanton, MP 40401",N,miles
119,Brent Alexander,771-02-6197,"2610 Maria Prairie Suite 113
Wrighttown, VT 60222",N,miles
120,Laura Moran,319-27-7874,"PSC 1963, Box 9172
APO AE 30641",N,miles
121,Meghan Bright,300-12-1437,"620 Adam Point Suite 262
West Zacharyburgh, PA 71496",N,miles
122,Michael Cross,353-66-1977,"65068 Hannah Square
Lake Austinside, AS 66302",N,hours
123,Lisa Vasquez,412-97-5976,"8159 Daniel Trafficway
New Stevenbury, RI 82532",Y,miles
124,Seth Hughes,336-32-0330,"667 Good Lane
New Kellyport, WA 99048",N,hours
125,James Hubbard,799-16-9128,"68706 Jay Walk
Scottburgh, SD 64553",Y,hours
126,Rebecca Price,621-71-5623,"388 Schroeder Springs
New Daniel, KY 36000",N,hours
127,Christopher Richards,106-05-7795,"44022 Maria Plain
South Sean, SD 46341",Y,miles
128,Nicholas Coffey,086-73-5165,"PSC 1129, Box 4433
APO AE 66061",Y,hours
129,Joseph Moyer,689-36-3130,"689 Shaw River Apt. 128
Snowfort, WV 14384",N,miles
130,Tracy Durham,812-92-8507,"938 Shawna Cove
East Paigefurt, OK 78382",Y,miles
131,Lisa Williams,254-48-7335,"858 Jackson Vista Suite 848
Peterport, PA 07088",N,miles
132,Kristen Miller,041-16-6702,"3303 Young Meadows
Russellville, MP 15720",Y,miles
133,Paul Morris,482-93-2012,"964 Carter Lock Suite 656
Gonzalezside, NJ 22514",N,miles
134,Ian Ramirez,484-49-6790,"71870 Robert Freeway Suite 437
Manningside, WY 51726",N,hours
135,Paige Williams,378-54-3350,"50539 Williams Path
Lake Sheila, NY 63197",Y,hours
136,Manuel Munoz,494-24-2877,"21510 Myers Port
South Manuel, NJ 46411",Y,hours
137,Kenneth Gonzalez,697-29-1883,"7032 Amy Plains Suite 105
Banksview, CA 62892",N,hours
138,Richard Washington,738-97-3322,"3981 Alexander Unions
Bowenbury, LA 55900",Y,hours
139,Christine Shelton,351-80-4994,"5316 Jackson Parkways
South Gregory, PR 71843",N,hours
140,Troy Schmidt,205-27-4515,"559 Robin Lodge
Lake Brendachester, NY 53289",N,miles
141,Jason Hunt,246-36-7332,"1998 Gomez Canyon Apt. 998
Blanchardberg, VI 55312",Y,miles
142,Susan Dyer,696-55-6072,"Unit 6356 Box 1323
DPO AE 95385",N,miles
143,Christopher West,840-45-9913,"35820 Sherry Streets Suite 918
Watersfurt, KY 96790",Y,hours
144,Timothy Brown,220-33-9370,"PSC 4888, Box 8759
APO AA 80047",Y,miles
145,Gabriel Ortiz DDS,651-89-7442,"978 Welch Plaza Suite 964
Martinshire, MO 95923",Y,hours
146,Oscar Serrano,520-13-6626,"937 Michael Ways Apt. 541
Scottchester, OH 60924",N,hours
147,David Snow,646-56-7741,"84140 Aaron Knoll Suite 937
Port Lisabury, ND 15066",N,miles
148,David Murphy,563-84-1696,"6482 Jennifer Mall Suite 846
Samanthamouth, ND 57794",Y,miles
149,Yvette Douglas,898-46-4335,"9441 Downs Squares
Mcconnellport, UT 30334",Y,miles
150,Lori Wallace,339-68-5563,"1692 Julie Crescent
North Susan, RI 45470",N,miles
151,Teresa Peterson,791-32-4021,"222 Galvan Mills Suite 372
West Yolanda, AZ 51091",Y,hours
152,William Perez,031-09-9126,"472 David Canyon
Griffinmouth, CT 26570",Y,miles
153,Michael Hill,289-54-9904,"255 Cunningham Manor
Teresashire, CO 61939",N,hours
154,Benjamin Newton,663-79-0259,"15233 Lee Plaza Suite 304
Robertfurt, MP 12781",Y,miles
155,Danielle Jones,713-40-4241,"369 Laurie Street
Andersonview, AS 66668",N,miles
156,Glenn Lucas,325-17-8982,"6488 Ferguson Harbor
East Daniel, NM 95884",N,hours
157,Christopher Jennings,497-45-0673,"35894 Kristin Creek Apt. 896
New Chrisport, TX 21060",N,miles
158,Alex Higgins,840-18-7245,"851 Brian Fort
North Amanda, TX 50600",N,miles
159,Julie Weber,716-78-5259,"7235 Edward Common Apt. 140
Lauraton, OK 46385",Y,miles
160,Leah Anderson,474-22-3213,"PSC 6312, Box 4396
APO AE 55144",N,hours
161,Jennifer Ruiz,649-37-7409,"6561 Moody Gardens
Parkerton, HI 24336",Y,hours
162,Audrey Garcia,384-88-8455,"53949 Stephen Via
North Josephburgh, NY 28120",N,hours
163,John Khan,215-16-4922,"PSC 4956, Box 8125
APO AE 13738",N,hours
164,Brittany Johnson,439-90-1757,"9139 Rita Canyon
Muellerside, VA 08432",Y,miles
165,Tammy Good,843-37-9273,"5026 Megan Ville Suite 389
Aliciamouth, MI 80175",Y,hours
166,Nathan Calderon,296-83-2600,"8527 James Square
South Troy, VT 45512",N,miles
167,Robert Wilcox,329-23-9471,"35213 Alexander Crescent Apt. 392
Robertbury, IA 66485",N,hours
168,Amber Bates,130-79-9530,"206 Wendy Grove Apt. 564
South Jamesmouth, IL 31400",N,miles
169,Ricardo Parker,316-72-3394,"0597 Cobb Plaza
Kimberlyborough, ME 69396",N,hours
170,Regina Ellis,338-54-7140,"6105 Daniel Coves
Port Michelle, AS 55144",Y,hours
171,Thomas Herrera,812-25-5608,"259 Elizabeth Ford Suite 779
Port Nicolebury, MN 44071",N,hours
172,Luis Cantrell,381-81-2293,"81331 Cantu Keys
North Patriciaborough, AR 26298",N,miles
173,Eric Conway,031-53-2320,"172 Carmen Lights Apt. 470
Craigfort, CA 46456",Y,hours
174,Charles Thompson,286-15-7345,"618 Ortiz Extension
Candiceton, NJ 11887",N,miles
175,Timothy Le,077-17-6630,"6563 Pamela Shoals
New Kathleen, CO 09978",N,miles
176,Teresa Shannon,771-21-8201,"509 Mark Expressway
Juliabury, TN 59477",Y,hours
177,Lisa Stokes,811-37-1678,"06817 Christopher Cliffs
Port Jasonchester, OR 77277",Y,hours
178,Miranda Winters,102-23-9918,"7130 Cline Garden Apt. 892
Austinton, DE 97191",N,hours
179,Bradley Frederick,695-17-6344,"48899 Hines Freeway
Jarvisborough, KY 63271",Y,hours
180,Robert Zamora Jr.,304-51-5690,"PSC 9202, Box 0406
APO AP 30595",N,hours
181,Melissa Cardenas,003-19-0013,"16415 Black Inlet Apt. 256
Calebshire, SD 33765",N,hours
182,Richard Barton,431-36-5556,"078 Douglas Freeway
New Madisonview, PR 62616",N,hours
183,Bobby Butler,580-30-7594,"33495 Hill View Apt. 519
Lake Kariside, PA 33589",Y,miles
184,Bridget Ruiz,538-18-9768,"3794 Ritter Motorway
Whitemouth, AK 73213",Y,miles
185,Elizabeth Sims,568-05-4616,"28040 Richard Branch
Staffordfurt, AK 55746",Y,miles
186,William Moore,400-25-1679,"139 Jack Union
New Leslie, NJ 60013",Y,miles
187,Lori Hill,422-96-9604,"4566 Lisa Valley
East Morgan, AR 26805",N,miles
188,Daniel Powers,060-60-5387,"4234 Wells Dam
Joseport, ID 60859",N,miles
189,Joseph Flores,490-64-6682,"57284 Potter Trafficway Apt. 397
Port Patricia, MA 19635",Y,miles
190,Anthony Stewart,831-50-3084,"340 Barron Knoll Apt. 459
North Carla, WA 31200",N,miles
191,Sandra Wright MD,575-46-2492,"98273 Timothy Expressway
Hunterfort, KS 48592",N,miles
192,Lindsay Brown,099-11-6603,"3162 David Gardens Apt. 200
Garciahaven, OR 87994",N,miles
193,Brittney Cobb,616-21-1857,"17010 Micheal Shoals Apt. 231
Reneetown, AK 28944",Y,miles
194,James Thompson,429-45-5099,"Unit 3098 Box 6887
DPO AP 27631",Y,hours
195,Donna Cantu,489-37-4032,"50607 Crystal Row
Jenniferside, GU 71856",N,hours
196,Nicole Cannon,460-13-0689,"6059 Young Burg
South Jeremiah, NV 99312",N,miles
197,Patricia Anderson,534-39-5493,"316 Smith Street
Catherinefort, MT 35776",N,hours
198,James Stokes,279-79-9012,"88805 Patrick Spur
Keithberg, CO 04499",Y,hours
199,Dillon Gill,421-62-1130,"3369 Lewis Brook Suite 207
Williamfort, UT 20265",N,miles
200,Tammy Powell,225-85-6238,"31161 Mary Point Suite 177
Allenstad, SD 29369",N,hours
201,Stephanie Alvarez,819-74-1589,"27574 Brandon Run
South Soniashire, ND 92546",Y,miles
202,Regina Hammond,051-68-2866,"PSC 0064, Box 2043
APO AA 10948",N,miles
203,Christine Marsh,624-99-8740,"63722 Lin Union
New Darrell, MT 12856",N,hours
204,Christopher Marshall,325-72-0041,"PSC 6866, Box 1809
APO AE 05759",N,miles
205,Kari Johnson,620-09-4176,"82602 Kevin Village Apt. 374
Reynoldshaven, KS 61967",N,miles
206,Brandon Alvarado,421-50-6675,"88796 Murphy Drive
Karenmouth, KS 37237",Y,hours
207,Sarah Perez,664-78-1906,"290 Payne Green Apt. 758
Bryanville, NE 43085",Y,hours
208,Joseph Lewis,335-88-3974,"85921 Jones Spurs
South Julianhaven, NV 34578",N,hours
209,Julie Gross,680-34-1237,"916 Young Ferry
Rachelville, SC 22475",N,hours
210,Bonnie Navarro,562-26-5952,"7503 Greene Pike Apt. 477
Lake Eduardofurt, PW 48064",N,miles
211,Heather Avery,002-84-2402,"9665 Mcintosh Islands Suite 789
Janiceton, VA 20901",N,miles
212,Rachel Trevino,635-01-2959,"5109 Heather Vista Suite 728
Seanshire, TX 07274",N,hours
213,Michael Moreno,694-75-3115,"1467 Abigail Vista Apt. 141
Stacyhaven, WV 48418",Y,miles
214,Beverly Keller,395-85-1809,"939 Molly Fall
Gonzalezland, TN 78603",Y,hours
215,Wendy Herring,510-84-8737,"2294 Williams Groves Apt. 243
Loganmouth, NY 18994",N,hours
216,Dr. Jeffery Hall MD,528-01-6575,"35091 Jeffrey Square
Stewartton, NJ 57018",Y,miles
217,Adam Hale,539-71-5312,"352 Andrea Spring Apt. 505
Jacksonchester, WA 57152",Y,miles
218,Donna Rogers,016-47-4323,"PSC 8794, Box 0063
APO AA 05525",N,hours
219,Timothy Charles,614-50-6993,"8834 Taylor Corner
New Johnmouth, VI 22480",Y,hours
220,Shelby Lopez,249-75-2249,"6654 Christopher Plains
North Ross, WV 36051",Y,hours
221,Misty Wang,286-74-4482,"601 Wood Springs Apt. 682
Thomasborough, IA 70819",N,miles
222,Jessica Wilkins,029-41-3117,"87127 Garcia Skyway Suite 030
Jamesberg, FL 32851",Y,miles
223,Allison Arellano,691-31-9715,"85712 Palmer Springs Suite 900
Davidbury, SD 62006",N,miles
224,Meghan Simon,356-89-5530,"281 Dylan Trail Suite 490
West Michaelmouth, MN 17596",Y,hours
225,Kelly Torres,018-40-5271,"765 Arthur Burg Suite 896
West Jennifer, SD 75927",N,miles
226,Kristin Davis,763-53-5390,"013 Petersen Radial
Rogerstown, AK 43502",N,miles
227,Jose Elliott,781-10-4741,"522 Espinoza Parkways
Reesemouth, NM 12822",Y,hours
228,Kristy Harris,056-36-6835,"9805 Mcintyre Field
Port Lucas, FM 76926",N,miles
229,Tara Alexander,593-43-7850,"66128 Nathaniel Fall
Bellside, MN 32804",N,miles
230,Nicholas Armstrong,784-77-8809,"2338 Hernandez Turnpike Apt. 732
Port Kaylabury, NC 53993",Y,hours
231,Jennifer Mcmahon,794-31-2876,"592 Stacy Park Apt. 379
Smithberg, MT 34949",Y,miles
232,Kathleen Scott,721-36-9653,"40626 Cowan Terrace Apt. 412
South Brian, VI 53936",N,miles
233,Rhonda Williams,558-35-1299,"08408 Amanda Vista
North Jasonhaven, LA 79321",Y,hours
234,Brian Porter,642-24-9669,"76518 Johnson Row Apt. 024
North Jenniferchester, PA 66440",N,hours
235,Steven Wright,445-98-6024,"15863 Chad Skyway
Barbermouth, WI 85544",Y,hours
236,Kelly Wells,107-97-4118,"448 Harris Plaza Suite 133
South Bradleyville, NC 21845",N,hours
237,Amanda Williams,702-47-7195,"08717 Stephanie Underpass
Aaronbury, DE 71328",N,hours
238,Shannon Rangel,877-08-6542,"5892 Harris Walks Suite 552
Thomaschester, MH 33824",N,miles
239,Keith Gibbs,207-19-2184,"363 Taylor Greens
Lake Judyview, IN 92973",Y,miles
240,Matthew Jones,055-14-6523,"96658 Jennifer Fort Apt. 190
Rachelport, GU 33729",Y,miles
241,Adriana Evans,767-50-6522,"Unit 2583 Box 4644
DPO AP 57894",Y,hours
242,Haley Schmidt,580-36-8399,"5947 Lee Underpass
Donaldberg, ND 58893",Y,miles
243,Kyle Miller,635-83-1674,"4503 Chloe Mountain
South Richard, MS 14488",Y,miles
244,Tracy Reeves,583-84-8137,"0372 King Lane
North Anthonyland, NC 78644",Y,hours
245,Scott Warren,212-02-1559,"894 Yu Freeway Suite 394
North Kristin, ME 57205",N,miles
246,Crystal Erickson,389-79-6753,"Unit 0265 Box 4454
DPO AA 11088",N,hours
247,Jasmine Martinez,282-45-2662,"70073 Jerry Stream
Jessicafurt, FM 39076",Y,hours
248,Amy Dixon,771-53-8953,"483 Megan Point
Jasonberg, AS 16396",N,miles
249,Alyssa Castillo,541-28-4883,"440 Mann Heights Apt. 134
Hernandezhaven, ID 90220",N,hours
250,Gabriel Turner,677-01-0796,"77404 Adrienne Squares
Danielberg, CA 90388",Y,miles
251,Melissa Chambers,364-15-1588,"633 Long Center
Lisaview, TX 74482",Y,miles
252,Daniel Atkinson,892-15-0470,"547 Paul Wall
South Jessicachester, NJ 18881",N,miles
253,Kevin Moore,844-97-9740,"949 Matthews Squares Apt. 269
Kristinborough, CA 12248",Y,miles
254,Jessica Perez,436-63-9423,"8720 Torres Knolls Apt. 421
South Ryanberg, GA 46719",Y,hours
255,Michael Decker,012-06-3279,"934 Alex Road
West Savannah, TN 22838",Y,hours
256,Stacy Smith,493-60-1937,"8659 Khan Stravenue
Mcbridefort, NM 96753",N,hours
257,Stephanie Perez,037-35-0526,"4139 Haley Tunnel
Lake Daniellemouth, HI 05535",N,hours
258,Christine Nolan,778-90-1280,"92576 Parker Trail Apt. 644
Lake Bethany, MP 39782",N,hours
259,Peter Brown,497-08-1758,"058 Powell Port Suite 082
East Michelleshire, AR 47197",Y,miles
260,Stephanie Stevens,244-62-9356,"848 Eric Crest
Davidhaven, MN 31015",Y,miles
261,Brandy Alvarado,356-43-1024,"Unit 0598 Box 4168
DPO AA 91421",Y,hours
262,Michael Underwood,366-79-8398,"374 Adams Crescent
Amandamouth, KS 36308",Y,miles
263,Deborah Rogers,257-44-5304,"03427 Natalie Cape
Jessicaland, SD 91556",N,miles
264,Jeffery Hart,155-28-8861,"582 Miller Prairie Suite 155
Brittanyville, IL 89876",N,hours
265,William Peterson,607-51-7192,"50427 Jones Viaduct
West Lindsey, PA 98420",N,miles
266,Edward Morales,756-33-3689,"989 Nicole Trail Suite 081
Port Seth, IA 15731",Y,miles
267,Elizabeth Carroll,333-05-3490,"0475 Mark Mountain Suite 008
New Willie, MN 19231",N,miles
268,Johnny Higgins,214-53-9539,"156 Carey Estates
Port Alicialand, TX 88141",N,hours
269,Cameron Turner,196-16-9647,"87135 Peter Lake
East Ericastad, TN 04514",Y,hours
270,Edward Miles,815-60-2355,"2905 Thomas Well Suite 521
Carolhaven, ND 92522",Y,hours
271,Joshua Lawson,644-09-3394,"255 Patricia Tunnel
Jesseview, WY 30698",N,miles
272,Ralph Williams,740-62-3103,"12158 Johnson Harbors Apt. 618
Lake Joe, CA 39543",N,hours
273,Dr. Jill Mcdonald MD,428-86-3562,"3163 Dennis Wall Apt. 477
Meredithview, NM 46385",N,hours
274,Kevin Cruz,395-43-3138,"72701 Walker Lane Suite 712
East Jessica, CO 60683",Y,hours
275,Joel Tran,320-16-1201,"07290 Veronica Shoal Suite 982
Perryburgh, ME 54261",Y,hours
276,Sarah Hanson,218-37-1072,"82940 Cruz Union Apt. 279
West Karen, LA 61415",N,miles
277,Anthony Ferguson,331-87-5039,"PSC 1224, Box 8789
APO AA 29876",Y,miles
278,Stacey Berry,161-03-5284,"483 William Ford Suite 022
New Patrick, VI 56167",Y,miles
279,Dr. Jennifer Jones,322-49-9782,"PSC 9294, Box 5062
APO AA 01551",N,miles
280,Jennifer Smith,079-11-5197,"PSC 6707, Box 1470
APO AA 51810",Y,hours
281,Anthony Ruiz,174-29-0156,"95525 Timothy Bridge Apt. 329
Port Joannaview, MN 23476",N,hours
282,Kyle Jones,516-17-7596,"42503 Rachel Knolls Suite 181
Danielsville, AR 55630",Y,hours
283,James Quinn,052-73-1860,"48796 Rosales Streets Apt. 427
Petersonmouth, AK 93328",N,miles
284,Johnny Carter,135-44-3341,"377 Dorsey Branch Apt. 624
Port Christopherside, FL 37592",Y,hours
285,Alex Mitchell,737-10-0129,"33930 Maxwell Gardens Suite 177
West Taylor, IN 15386",Y,hours
286,David Bryan,684-50-3100,"8766 Mcdonald Cape
Johnsonland, WV 49318",Y,miles
287,Jason Miller,229-93-9836,"PSC 8278, Box 2335
APO AA 92572",N,miles
288,Jeffrey Ryan,766-64-5269,"835 Robyn Street
Port Miguel, GA 18414",N,miles
289,Joshua Hill,218-59-7814,"6764 Pearson Points Suite 257
Clarkland, MD 62918",Y,hours
290,Steven Maynard,622-14-3659,"PSC 4605, Box 3990
APO AP 27091",Y,miles
291,Alison Rogers,578-63-8990,"468 Lisa Expressway
West Richardborough, NC 70961",Y,hours
292,Matthew Carlson,285-56-8777,"21417 Roberts Course
Reginafort, SD 01098",N,miles
293,James Gordon,871-02-0279,"069 Adkins Road Suite 946
Johnbury, WV 77983",N,miles
294,Cassie Wheeler,361-70-3211,"24834 Rita Springs
Smithborough, MI 00602",Y,miles
295,Dylan Cisneros,201-94-5137,"004 Michael Plains Suite 609
East Richardborough, LA 04768",Y,miles
296,Christine Martinez,471-07-0152,"532 Jacobs Ridge Suite 239
Mitchellside, UT 27930",N,hours
297,Lisa Frazier,076-38-3975,"2556 Diaz Glens
Andersonview, WV 04432",N,miles
298,Kevin Nelson,616-44-7424,"629 Shea Spur Apt. 476
Stacyton, OH 94809",Y,hours
299,Anthony Houston,647-17-6341,"684 Jonathan Villages
West Warrenstad, GA 08071",N,miles
300,Paul Cooper,674-82-5658,"80338 Christian Points Suite 103
South Kristin, OR 80056",Y,miles
301,Brian Drake,523-20-1003,"52268 Peter Ford Suite 249
Port Thomas, WA 90993",N,miles
302,Robert Peters,702-42-2323,"2152 Alison Key Suite 227
New Hannah, HI 76455",Y,miles
303,Edward Pittman,281-17-8292,"547 Kenneth Harbor
Crystalland, MA 55556",Y,hours
304,William Petty,226-12-6615,"USNV Brown
FPO AA 63119",Y,hours
305,Jonathan Anderson,099-41-6231,"016 Reeves Ferry
Laurabury, CO 77524",N,miles
306,Michael Shaw,054-41-0452,"1265 Susan Oval
Baileymouth, MN 66731",Y,hours
307,Anne Griffin,566-71-6076,"62422 Kurt Glens Apt. 815
East Robertburgh, MN 72287",Y,hours
308,Wayne Williams,792-31-7896,"478 Schultz Glens
South Jesse, OR 92999",Y,hours
309,Jeffrey Long,249-10-8592,"PSC 6544, Box 5447
APO AE 49034",Y,miles
310,Frank Aguilar,147-32-0465,"255 James Camp Apt. 814
West Daniel, OH 08429",Y,hours
311,Eric Hall,782-95-1812,"804 Matthew Ford Apt. 254
Michaelside, WY 94930",N,miles
312,Alexis Malone,382-67-3078,"19504 Becky Alley
Marshallmouth, NH 36828",Y,hours
313,Michelle Hampton,151-20-2231,"58611 Holland Mall Apt. 882
Samanthafort, IA 43855",N,hours
314,Adrian Murphy,277-39-5283,"57102 Richmond Stravenue Apt. 267
Longmouth, UT 83186",Y,miles
315,Kim Martinez,124-48-2468,"79727 Michelle Crest Suite 124
Brandytown, CT 16690",N,miles
316,Matthew Wright,037-86-7264,"506 Romero Views
West Ashley, MT 75775",N,hours
317,Micheal Mitchell,866-28-8285,"7531 Douglas Glen
New Justinburgh, SC 94900",N,miles
318,Patrick Stewart,879-18-5253,"905 Meyer Falls
West Alisha, KS 81224",N,hours
319,Tanya Armstrong,354-26-4806,"324 Amber Square
East Michelle, WY 09085",N,hours
320,Marc Jacobs,299-71-9623,"10371 Suarez Passage Suite 196
Paulton, WI 03509",Y,hours
321,Carolyn Holland,055-28-0193,"639 Jennifer Vista Apt. 021
East Kenneth, VT 01698",Y,hours
322,Zachary Garrett,617-91-7042,"19887 Ashley Skyway
Johnstad, SC 97419",Y,miles
323,Melissa Fuller,583-07-3637,"926 Pacheco Trail
South Shelbyberg, GU 32378",Y,miles
324,Andrew Thompson,454-88-3925,"624 Brian Landing Apt. 574
Lake Alexanderchester, PW 38886",Y,miles
325,Melissa Swanson,102-96-7223,"5024 Isaac Track
Port Joe, PW 95952",Y,hours
326,Carmen Davidson,866-54-2368,"03336 Johnson Parkway Suite 318
New Dennistown, ME 59339",Y,hours
327,James Brown DDS,160-48-8130,"923 Bates Village
Jonesport, MI 86498",Y,hours
328,Craig Rodriguez,865-07-5207,"24573 Melinda Causeway
East Calebfurt, DC 23840",N,miles
329,Annette Adams,870-26-2618,"87546 Stacy Valley Apt. 161
Kristopherville, MN 62479",Y,hours
330,Jennifer Johnson,286-64-1210,"32712 Brenda Court Apt. 824
Parkerport, DE 52972",N,hours
331,Diana Davis,798-78-6072,"USS Gross
FPO AA 68614",Y,miles
332,Kevin Walter,129-05-9368,"PSC 5736, Box 4948
APO AA 07392",N,miles
333,John Schwartz,513-15-7386,"0039 Kirsten Stream
West Jeremiah, WI 24491",Y,hours
334,Karen Odom,511-84-1654,"32378 Kyle Trace
New Lauramouth, CO 63326",N,hours
335,Crystal Suarez,708-64-1246,"4896 Barrett Points
Williamsside, AZ 64742",Y,miles
336,Dr. Monique Hill,592-23-2807,"2377 Jennifer Orchard Suite 303
Lake Donald, TX 16140",Y,hours
337,Maria Miller,779-99-5667,"82552 Michael Landing Apt. 465
Smithland, GU 67741",N,hours
338,Edwin Lopez,864-12-4258,"9529 Cortez Crest
Port Heatherfort, LA 55938",N,miles
339,Rachel Berger,899-30-7331,"27841 Joseph Corners Apt. 039
South Rachel, OK 34266",Y,hours
340,Brian Lopez,552-99-1270,"198 Scott Vista
Port Michelle, WY 16278",Y,miles
341,Leroy Hale,462-65-1483,"82602 Andrew Key
South Melissaside, MS 31507",N,hours
342,Ryan Rowland,552-71-9618,"551 Johnson Landing
Lake Summer, VT 55142",Y,miles
343,Mr. Justin Anderson,251-04-6388,"324 Michael Squares Suite 735
Raymondhaven, RI 54801",Y,hours
344,Bridget Williams,678-74-5837,"492 Norris Loaf Suite 870
New Melindaton, NC 14371",Y,hours
345,Jeffrey Williams,356-45-8666,"2489 Lisa Views
South Kaylabury, LA 44725",N,miles
346,Lorraine Hoffman,474-17-6928,"92287 Brooks Walks Apt. 995
Vanessaborough, NC 04057",Y,hours
347,Jennifer Knight,562-55-5397,"177 Jenkins Knoll Apt. 332
South Virginia, CO 89663",Y,hours
348,Thomas Johnson,229-87-9255,"610 Davis Track Apt. 232
Kellyhaven, TN 02251",Y,miles
349,Amanda Bell,533-37-0731,"52057 Sanchez Oval Suite 019
West Andrewstad, GA 16075",N,miles
350,Megan Robertson,039-09-2655,"81972 Kimberly View Suite 318
Port Jefferyfurt, OR 86528",N,miles
351,Jason Powers,791-21-5808,"87923 Jennifer Drive
Murilloburgh, CO 54014",N,miles
352,Howard Curtis,624-35-0011,"873 Donna Pines Apt. 092
Nelsonfort, PR 63567",N,hours
353,Ariel Thomas,673-41-3596,"587 Stanley Summit Apt. 691
Melissafort, ND 14861",Y,miles
354,Dr. Brian Holt,123-61-9012,"93040 Shannon Fort
East Amyton, GU 20492",N,miles
355,Kimberly Smith,057-70-0168,"4031 Mary Orchard
East Alexanderside, PR 71170",N,miles
356,Summer Reed,693-85-5909,"4596 Underwood Overpass Suite 530
South Jenniferport, SC 50720",Y,hours
357,Heather Davis,429-99-8272,"404 Porter Crescent Suite 482
Anthonyborough, NJ 67514",Y,miles
358,Annette Barnes,540-03-8497,"7247 Stephen Pike
South Elizabeth, VA 94243",N,hours
359,Robert Johnson,073-90-6159,"000 Kenneth Inlet
Madisonmouth, DE 14395",Y,hours
360,Joshua Ingram,206-74-9968,"76766 Peggy Locks
North Shawn, AZ 10354",Y,miles
361,Jeffrey Wade,404-23-0869,"28154 Chase Row Suite 279
New Timton, KS 52400",N,hours
362,Ashley Powers,061-69-1209,"12853 Avila Mount Apt. 538
North Michael, MH 64547",Y,miles
363,Crystal Hardy,414-92-3071,"857 Wright Port
Kaitlinberg, NH 91755",Y,miles
364,Danielle Francis,775-24-6126,"495 Dillon Springs
Weberhaven, MD 55999",Y,miles
365,Emma Jensen,428-15-7506,"64826 Kyle Loaf
North Andrew, IN 33298",N,miles
366,Stacy Cook,602-59-8624,"3928 Joseph Brook
East David, WY 24825",Y,miles
367,Gregory Dalton,439-76-4849,"340 Nathan Vista
Wuborough, RI 79971",Y,hours
368,Amanda Garcia,327-47-2955,"778 Collier Ranch Suite 093
Brittanyhaven, FL 33565",N,miles
369,Jennifer Williams,651-81-4520,"561 Preston Mount Suite 368
North Barbarahaven, OH 27888",N,hours
370,Danielle Jones,608-92-0569,"USNV Wallace
FPO AP 21796",Y,hours
371,Kelly Washington,236-16-6372,"0093 Neal Courts Apt. 675
Jennifershire, NJ 34067",Y,miles
372,Kristie Weaver,123-38-3315,"72260 Teresa Harbor
Port Matthew, MT 61058",Y,miles
373,Joseph Robinson,379-18-3168,"00525 Richard Cove
Schmidtchester, WA 83176",Y,miles
374,Ashley Munoz,174-70-0208,"PSC 3936, Box 8463
APO AP 07238",Y,hours
375,Cindy Hernandez,117-69-3130,"USS Lloyd
FPO AE 35407",N,hours
376,Amber Hoffman,194-95-2070,"4314 Martin Lake Suite 557
Hollowayberg, NM 07611",N,miles
377,Laura Hood,745-04-2591,"9816 Wilson Mount Suite 566
Shannonville, OH 47310",N,miles
378,Kenneth Sims,317-73-0323,"22716 Delgado Turnpike
Lake Marissafort, OR 58383",N,miles
379,Laura Lyons,140-39-2581,"4606 Joseph Greens Apt. 759
Sampsonview, DE 77201",N,miles
380,Sandra Flores,873-62-4725,"6957 Navarro Underpass
Lindsayport, RI 80169",N,miles
381,Travis Brown,017-97-5640,"76198 Sierra Ridges Apt. 006
Port Sandra, VI 68214",Y,miles
382,Danielle Willis,683-34-8500,"665 Lauren Square
Robertashire, WA 84432",Y,hours
383,Sierra Martinez,350-33-7952,"615 Holden Estates Suite 907
East Teresa, DC 56905",N,hours
384,Jeffrey Roberts MD,532-14-6497,"93787 Mark Underpass
Woodsborough, KY 96287",N,hours
385,Mr. Adam Jackson,166-57-1276,"50070 Edwards Keys Suite 884
Bennettmouth, OK 51402",Y,miles
386,Jonathan Johnson,821-16-5282,"48814 Frank Cliffs
Johnsonfurt, ND 46901",Y,miles
387,Eric Hart,439-75-8049,"854 Luke Skyway Suite 229
Port Wandastad, TN 47909",N,hours
388,Devin Morales,821-43-5148,"89479 Edwards Rapid Apt. 487
Paulstad, NY 28611",Y,hours
389,Mary Washington,244-91-7144,"PSC 2552, Box 1890
APO AP 12374",Y,hours
390,Catherine White,871-86-0659,"0612 David Springs
Meyerburgh, MS 09463",N,hours
391,Daniel Arias,553-95-0280,"90495 Elizabeth Plaza Suite 655
Lake Michelle, AR 12804",Y,miles
392,Gabriel Velazquez,328-45-0145,"5273 Vincent Via
Rosariomouth, KS 26208",N,miles
393,Kayla Castillo,474-28-2343,"161 Carolyn Bridge
Brewermouth, TN 01571",Y,hours
394,David Price,023-77-9260,"1498 Miller Harbor
East Robert, WA 31170",N,hours
395,Douglas Cantrell,374-78-0574,"83811 Jensen Circles
Lake Lisafort, AR 00708",Y,miles
396,Annette Ross,451-84-3467,"6568 Khan Inlet Apt. 009
South Kim, AL 58915",Y,miles
397,Kathleen Gilbert,817-97-8756,"90716 Courtney Overpass
Lake Jessicaside, OH 98651",N,hours
398,Jeremy Smith,343-44-6251,"06569 Timothy Highway
Contrerasborough, PW 92680",Y,hours
399,Sara Wallace,257-16-7413,"6340 Bartlett Village Suite 838
Davidmouth, NJ 46346",Y,miles
400,Erin Patel,464-45-4648,"USCGC Johnson
FPO AA 26362",Y,miles
401,Kim Anderson,116-75-8272,"290 Charles Dale
West Amandatown, CT 55878",Y,hours
402,Tanya Mercer,722-33-4482,"752 Erik Forest
East Geraldberg, VT 75170",Y,miles
403,Kayla Wilson,722-75-9083,"USNV Sweeney
FPO AA 01162",N,hours
404,Andrew Jones,588-06-1405,"3645 William Plaza
Port Richard, SD 08327",N,miles
405,Daniel Collier,172-34-8571,"0629 Daniel Hill Apt. 757
Lake Meganmouth, GU 45373",N,miles
406,Lindsey Arroyo,157-40-1623,"77099 Stephanie Cliff
Port Michaelfort, MH 38656",Y,miles
407,Joshua Duncan,201-76-1515,"065 Stevens Camp Suite 824
Richardview, WV 57512",N,miles
408,Jasmine Richards,162-27-5762,"28915 Yvonne Ridges
Whiteberg, FL 10573",N,hours
409,Colin Reynolds,686-35-9528,"513 James Vista
Sonyaborough, AS 48912",Y,miles
410,Jessica Phelps,879-63-6773,"74665 Mcmillan Overpass
Toddtown, MH 52455",N,miles
411,Michael Rubio,555-45-0085,"USNV Hernandez
FPO AA 54960",Y,miles
412,Anthony Sawyer,593-43-4504,"8560 Michael Branch
Cunninghamfurt, NM 64162",N,hours
413,Brian Carrillo,756-67-6630,"4933 Kenneth Park
Coletown, MH 80153",Y,miles
414,Jose Brown,710-90-5190,"503 Webster Cliffs Apt. 033
West Rhonda, TN 16639",N,miles
415,Dr. Craig Delgado,349-88-9526,"563 Randy Lane Apt. 082
Lynchmouth, SC 20617",Y,miles
416,Chad Gross,351-44-9965,"6324 Mclaughlin Vista
Mossmouth, RI 28278",N,miles
417,Anna James,748-19-1134,"566 Kevin Street Apt. 522
Lake Aprilside, NC 15212",N,hours
418,Heather Evans,241-65-0956,"98653 Hill Flats Suite 617
Garnerbury, DC 99558",N,hours
419,Angela Davis,577-16-6247,"552 Mclaughlin Greens
North Jacquelineshire, TX 25646",Y,miles
420,Sarah Wilson,037-82-5528,"2529 Sara Mission
Nelsonland, FM 76377",Y,hours
421,Dustin Reid,644-82-1877,"69281 Christina Cape Apt. 084
Barbaramouth, NE 74615",N,hours
422,Kirk Murray,836-12-9578,"33544 Michelle Dam Suite 689
Murraymouth, NM 39385",N,hours
423,Dr. Crystal Hunter MD,632-46-0291,"533 Berry Mission
Reginaborough, LA 99241",Y,miles
424,Vincent Arroyo,845-52-9089,"USNV Black
FPO AE 23583",N,hours
425,Wendy Velez,034-70-0513,"7669 Christian Court Apt. 715
Reidborough, WV 89402",N,hours
426,Kelly Reid,881-84-8780,"311 Kelly Groves Suite 840
Adkinsfurt, VT 31865",N,miles
427,Kevin Page,642-31-5193,"859 Christopher Course Apt. 406
Harrismouth, MN 42823",Y,miles
428,Allison Ray,540-98-5182,"885 Jennifer Walks Apt. 576
North Brady, MO 38496",N,hours
429,Scott Randall,670-05-0442,"761 Koch Place Apt. 358
Markville, HI 41291",N,miles
430,Paul Jenkins,052-52-4932,"39772 Martin Spring
Gaystad, MD 02211",Y,hours
431,Deborah Hansen,254-01-0183,"5231 Erin Cove
West Stacie, WI 99942",Y,miles
432,Phillip Guerra,755-07-3294,"7371 Sharon Pine
Webbberg, RI 51711",N,hours
433,Bryan Gonzalez,591-67-6646,"457 Nathan Mission Apt. 499
North Autumnburgh, DC 23206",Y,hours
434,Emily Jackson,448-13-0688,"932 Colin Loaf
East Lisa, VA 40168",Y,miles
435,Sarah Arnold,455-05-1074,"2901 Kerry Parkway
Lake Kristinland, OK 66806",Y,hours
436,David Estes,020-84-1416,"78651 Nancy Stream
Annamouth, MS 17081",N,miles
437,Dr. Adam Strickland,862-36-6883,"8759 Mark Ramp
West Georgetown, FL 74194",Y,hours
438,Catherine Young,736-77-6136,"7326 Grant Streets
New Michelle, TN 15309",N,miles
439,Rhonda Schroeder,099-42-9234,"7297 Lisa Locks Apt. 986
Lake Heatherton, AK 22348",Y,hours
440,Miranda Thomas,718-98-3634,"44179 Allen Fort
East Jay, MT 32217",N,hours
441,Aaron Flores,354-86-4784,"1970 Kimberly Field Apt. 038
East Jimmyville, IL 00545",Y,hours
442,Mrs. Tammy Freeman,381-81-9168,"36710 Martinez Skyway Suite 276
New Christine, KY 04606",Y,miles
443,Bryan Warner,153-87-9081,"13525 Tracy Grove Suite 968
Zacharyfurt, OK 96441",N,miles
444,Elizabeth Garcia,189-88-0906,"276 West Shore
East Ericamouth, KS 58920",Y,hours
445,Carl Snow,429-47-9403,"42355 Jenna Squares
Port Dakota, NM 19519",N,miles
446,Richard Bradley,560-34-6546,"278 Brown Mountains Apt. 916
Hoopertown, KY 24457",N,miles
447,Jade Chase,814-70-0406,"21146 Hurst Overpass Suite 412
Estradashire, AS 73487",Y,miles
448,Julie Wood MD,600-05-8348,"7118 Sullivan Forge
Fernandezland, CO 82692",N,hours
449,Stefanie Simmons,453-78-6717,"773 Thompson Lodge
Shawfurt, WY 72667",Y,miles
450,Stephanie Gray,416-36-2982,"54073 Crystal Crossing Apt. 812
New Nataliestad, MO 04463",N,miles
451,David Sims,688-43-9650,"041 Morse Locks Suite 879
North Jennifer, PA 15255",N,hours
452,Jenny Logan,443-41-9302,"71756 Sylvia Orchard
East Kyle, PW 49753",Y,hours
453,Richard Oliver,400-42-7670,"23281 Robert Rapids Suite 982
Davidton, ME 09068",N,hours
454,Julie Bates,552-04-2871,"969 Joseph Center Suite 535
Allisonside, MI 40144",Y,miles
455,Sabrina Horton,831-90-5912,"17801 Garcia Parkway
Lake Danielshire, RI 70108",Y,hours
456,John Foster,478-90-2047,"26638 Joy Crest Suite 617
West Monica, WV 09800",Y,miles
457,Matthew Miller,462-05-8125,"89040 Amy Turnpike
Richardton, ND 84790",Y,hours
458,Donna Martinez,156-06-5692,"06999 Flores Mountains
Brittneyberg, MH 91308",N,miles
459,Jason Jensen,240-44-2096,"771 Petersen Common
Clarkeville, UT 48753",Y,hours
460,Jason Moore,433-83-8770,"825 Anderson Avenue
Andrewsland, GU 58257",Y,miles
461,Ms. Amy Wright DDS,044-70-5159,"46062 Kimberly Prairie Suite 397
New Kristen, PA 19923",N,hours
462,Anthony Arnold,420-36-9115,"10976 Osborne Forest Apt. 784
Blevinsland, VI 14195",Y,miles
463,Ryan Ballard,697-27-4894,"4045 Christopher Plaza Apt. 804
Velasquezhaven, MN 80042",N,hours
464,Dylan Hale,688-62-8323,"57879 Luis Ville
Lake Stephaniemouth, ID 92388",Y,miles
465,Jill Schmitt,270-73-0343,"45164 David Street Apt. 624
Nicolemouth, WA 94158",N,miles
466,Julie Thompson,538-53-3721,"9530 Bell Springs Suite 769
Port Josephhaven, PA 27812",Y,hours
467,Kenneth Swanson,881-52-6604,"36203 Kristen Skyway Suite 922
West Aaronchester, VI 38837",Y,miles
468,Devin Tran,231-67-4282,"9280 Davis Junctions
East Isabel, KY 28583",Y,miles
469,James James,141-05-0813,"2844 James Rapid
Markborough, AS 32170",N,miles
470,Christine Barnes,897-06-8216,"664 Hodge Plaza
Powellburgh, GU 76011",N,miles
471,Amanda Hicks,167-73-9675,"14327 Waters Forge Apt. 442
Davidstad, TN 85630",Y,miles
472,James Rivas,040-12-5955,"554 Reginald Wall Apt. 421
Port Stevenville, MO 69062",N,hours
473,Austin Greene,007-03-2439,"PSC 4967, Box 7018
APO AP 05741",N,hours
474,Courtney Phillips,889-49-3359,"17160 Casey Landing Suite 738
New Samanthaville, WI 47968",N,hours
475,Tara Harris,725-10-5852,"839 Carrie Heights
Port Veronicaborough, IA 21734",Y,miles
476,Sonya Tucker,544-41-9585,"Unit 9853 Box 1151
DPO AE 34492",N,miles
477,Kimberly Randall,347-34-4388,"51363 Pacheco Keys Suite 475
Gilbertfort, MS 38644",N,hours
478,Adrian Garza,665-38-8650,"9038 Kenneth Burgs
New Angiemouth, FM 86952",N,hours
479,Kevin Harris,240-72-1249,"582 Meyer Port Suite 626
Thompsonstad, NE 23734",Y,miles
480,Jean Mack,257-96-7443,"USNS Lopez
FPO AA 93869",Y,miles
481,Martin Rice Jr.,683-99-0128,"387 Toni Trail Suite 268
New Williammouth, MP 52518",Y,hours
482,Christian Golden,542-71-5779,"80467 Teresa Island
Andersonville, KY 07470",N,miles
483,Jacqueline Skinner,474-22-5638,"0590 Gordon Highway Suite 395
Thomasberg, MN 28905",N,miles
484,Roberto Bell,543-71-7437,"5155 Derrick Gardens Apt. 910
Laurenstad, PA 03582",N,miles
485,Benjamin Davenport,489-84-3083,"689 Kimberly Plains Apt. 720
Port Angie, ND 22967",Y,miles
486,Ronald Bell,562-73-9083,"PSC 9244, Box 4331
APO AP 27556",N,hours
487,Kristina Morris,451-72-4587,"8322 Melissa Court
North Carolyn, MN 71498",Y,miles
488,Jorge Olson,161-11-9405,"28159 Larry Trail
Vargasport, CA 36203",N,hours
489,Benjamin Jacobs,803-81-4175,"638 Rodriguez Mews Suite 303
Adamside, MI 34035",Y,hours
490,Donald Lester,836-74-3592,"44839 Alicia Prairie Suite 829
East Richard, PW 42968",N,hours
491,Douglas White,745-82-7324,"50302 Evelyn Plaza Suite 289
Lindaside, VT 05628",N,miles
492,Michael Baxter,470-79-1805,"68556 Amy Forest Apt. 432
North Jeffery, LA 53136",Y,miles
493,Javier Richardson,617-20-7968,"126 Houston Bypass Suite 550
New Candace, WA 05786",Y,miles
494,Lee Castaneda,341-65-4074,"98203 Gilbert Motorway Apt. 363
Youngton, ND 42033",Y,miles
495,Tammy Henderson,204-65-0275,"185 Sarah Wall Apt. 439
Traceyport, NM 63488",Y,miles
496,Brittany Cook,362-06-7012,"PSC 0259, Box 0729
APO AE 18255",N,hours
497,Jonathan Bartlett,048-95-4487,"294 Whitney Ville
Beasleyland, VT 18027",Y,miles
498,Samantha Brewer,543-96-9424,"PSC 9838, Box 1007
APO AP 30238",Y,hours
499,David Jones DDS,049-72-9286,"82704 Ross Common
Mcneilchester, VT 07823",N,miles
500,Kevin Hancock,402-26-2052,"20965 Hodges Prairie Suite 316
West Thomasburgh, CO 69847",N,hours
501,Christopher Powell,102-55-4456,"873 Vernon Rapid Apt. 000
Nelsonfurt, HI 57423",N,miles
502,Kathleen Whitney,679-59-7504,"2639 Kimberly Trail
Port Jason, NE 96492",Y,miles
503,Bridget Ward,829-27-3094,"282 Scott Garden Apt. 125
North Ian, WI 71647",N,miles
504,Charles Velasquez,056-81-3603,"261 Stephen Flat
Lake Alexaport, MI 66019",N,miles
505,Jacob Mason,262-67-3127,"5250 Mary Mountains Apt. 220
Dustinfort, VI 45379",N,hours
506,John Baker,142-64-5943,"5608 Brian Squares Apt. 473
Parrishview, WI 49184",N,miles
507,Alisha Marshall,696-44-8264,"189 Rebecca Heights Apt. 569
North Sarah, RI 10372",N,hours
508,Michael Smith,831-83-4654,"Unit 5451 Box 6386
DPO AA 39215",N,miles
509,Michael Hernandez,596-97-2149,"3352 Megan Streets
Brownchester, SC 39459",N,miles
510,Tyler Douglas,723-75-2675,"29832 Lee Lane
Meredithfort, GA 54990",N,hours
511,Keith Woods,131-15-8641,"5566 Brett Parkways Suite 424
Sydneyburgh, MA 92573",N,miles
512,Michael Long,840-10-3963,"2496 Catherine Manors Suite 058
West Seth, PW 58056",Y,miles
513,Brenda Boyd,359-23-3017,"70577 Gonzalez Corner
Shermanville, SD 05561",Y,hours
514,Michael Hernandez,701-24-5959,"923 Lisa Hill Suite 890
Williamburgh, OR 68606",N,hours
515,Leslie Castillo,843-80-7582,"09881 Bell Inlet
Guerrerochester, FL 21219",Y,hours
516,Raven Brooks MD,621-05-8549,"7762 William Oval Apt. 678
Port Emilyside, CT 39804",N,miles
517,Samuel Wright,825-39-2789,"5604 Christina Square
Harrisborough, NE 37550",Y,hours
518,Cathy Yang,321-02-6795,"56407 James Plains Suite 512
Bruceshire, WA 60882",N,hours
519,Anthony Smith,362-70-5451,"61036 William Gateway
Howardbury, IL 40392",Y,hours
520,Gabriel Garcia,422-97-4765,"57302 William Row
North Jacqueline, NV 89960",N,hours
521,Erin Miller,494-28-3341,"437 Jerry Via
South Michaelville, KY 70686",N,hours
522,Larry Conner,380-09-2273,"849 Darlene Walks Suite 511
Jillview, CO 86276",N,miles
523,Christopher Miller,667-93-0320,"413 Amanda Knoll Suite 967
North Paula, PR 09230",N,miles
524,Meagan Thompson,070-35-8043,"223 Mark Mission
Isabelview, LA 10703",Y,miles
525,Samantha Mitchell,278-45-3904,"8981 Emily Track
Johnsonton, MI 67343",N,hours
526,William Schmidt,749-69-3158,"5232 Vargas Squares Suite 682
New Edwin, LA 14373",Y,hours
527,Robert Barker,111-07-6149,"Unit 5494 Box 4341
DPO AE 14752",Y,miles
528,Sara Mason,055-88-7093,"Unit 0788 Box 3688
DPO AP 05635",Y,miles
529,Mallory Orozco,338-31-6807,"959 Bonnie Greens Apt. 463
Taylorshire, HI 50357",Y,miles
530,Sharon Terry,857-70-6450,"3265 Stephanie Keys
East Jacquelineborough, OH 68425",N,hours
531,Timothy Hernandez,079-32-2166,"829 Krista Lock
East Davidmouth, SD 13828",N,miles
532,Karen Keller,351-43-2306,"2786 Wilkinson Spur
Mcdanielmouth, SD 29739",Y,miles
533,Patrick Rogers,796-94-3160,"643 Douglas Wells Suite 652
Laurafurt, MS 53619",Y,hours
534,Kayla Stone,358-06-6146,"103 Hernandez Lodge
New Mallory, MP 85511",Y,miles
535,Frank Terry,743-93-5701,"USNS Martinez
FPO AE 23843",Y,hours
536,Michael Gilmore,416-69-4333,"170 Mary Island
South Amybury, NY 32889",Y,miles
537,Isaiah Velazquez,428-79-4831,"52292 Amanda Stravenue Apt. 297
North Crystal, AL 33316",N,hours
538,Aaron Christensen,206-21-8174,"5929 Christina Drive Apt. 251
Ericborough, DE 36732",Y,miles
539,Anita Young,398-76-8566,"5063 Harris Junction
West Lisa, GA 16066",N,miles
540,Jasmine Stewart,579-36-6573,"931 Chang Forks Apt. 688
East Cherylberg, PW 91023",Y,hours
541,Theresa Swanson,091-51-5818,"55222 Hebert Village Suite 823
East Bonnieshire, KS 15746",N,miles
542,Kevin Jones,828-53-5630,"1213 James Tunnel
East Annashire, RI 05991",Y,miles
543,Christopher Whitney,846-90-5359,"577 Amanda Spur
Port Kelseybury, MT 87377",Y,hours
544,Timothy Campbell,835-61-7027,"0645 Gary Locks
Morrisbury, MP 70323",N,hours
545,Ashley Escobar,242-67-3363,"861 Horton Radial
Amystad, DE 68425",N,miles
546,Bobby Hubbard,622-53-7509,"961 Yolanda Grove Apt. 959
South Phillip, NJ 07956",N,miles
547,Robert Stephens,007-57-2226,"68347 Young Coves Suite 392
Lawsonside, AS 35859",Y,hours
548,Steven Owens,046-60-3624,"USNV Williams
FPO AA 79141",N,hours
549,Jim Parker,429-32-4534,"796 Russell Field Suite 298
Port Erin, MI 40493",Y,hours
550,Terrence Thompson,063-85-0633,"33244 Gay Causeway
New Hannahview, TN 69494",N,miles
551,Matthew Munoz,003-17-6584,"6428 Thompson Loop Suite 417
Wheelerbury, GU 11696",Y,hours
552,Mark Key,456-38-8664,"5140 Hayes Parks Suite 659
Mooreview, GU 92198",Y,hours
553,Richard Green,321-47-0269,"08590 Rios Motorway Apt. 736
Port Brandybury, WA 21947",Y,miles
554,Jeffrey Patel,573-44-7714,"106 Scott Walks
New Aaronfurt, NV 22856",Y,miles
555,Joseph Potts,303-55-9577,"52156 Janice Court Suite 407
Lambstad, CA 14968",Y,miles
556,Tanya Ryan,750-34-8840,"97785 Farley Glens Suite 345
Garciaview, MA 04343",Y,miles
557,Adriana Anderson,334-95-1767,"086 Chapman Station
Masonmouth, TN 09673",N,hours
558,Nancy Sandoval,801-77-7980,"65970 Harper Haven
Banksland, MT 70251",N,miles
559,Laurie Stephens,664-95-4417,"2920 David Light
Ponceside, AK 87209",N,hours
560,Barry Chavez,570-08-1331,"52341 Williams Rest
South Kathleen, NY 46776",N,miles
561,Allison Leonard,843-15-0595,"7596 Harvey View Suite 486
West Eugene, MN 83086",Y,miles
562,Jennifer Rush,475-12-4852,"26601 Lisa Knoll
Bennettside, FM 72213",N,hours
563,Michael Snow,550-48-8614,"8000 Taylor Club Apt. 317
North Kevinstad, NV 75238",N,hours
564,Dwayne Kennedy,493-87-7818,"8065 Grace Plains
Ginachester, RI 66430",Y,miles
565,David Hamilton,734-55-7319,"570 Whitaker Street
Lake Joshua, MT 49048",N,miles
566,Brian Gilbert,275-22-4355,"6418 Lee Bridge
West Caitlinfurt, NH 75661",N,hours
567,Theodore Smith,861-01-9488,"7497 Cole Locks
Anaport, IL 23021",Y,miles
568,Tara Hopkins,775-67-6467,"3297 Dickerson Vista
Lake Kayla, SD 94517",N,hours
569,Phillip Moore,318-24-1616,"PSC 1978, Box 1985
APO AP 55119",N,miles
570,Mrs. Melissa Collins,812-76-7283,"2118 Michael Green
Cliffordbury, TX 25936",N,miles
571,Steven Bradford,052-49-7484,"2035 Welch Passage
West Antonio, FL 25347",Y,hours
572,Tiffany Price,162-04-3308,"45031 Michele Overpass Suite 770
East Darrenfurt, AS 29116",N,miles
573,Isabel Carr,688-79-9431,"06683 Lopez Burg Suite 312
Port Diana, PA 87484",N,miles
574,Laura Perez,345-90-3056,"2688 Jennifer Common
Port Amanda, IL 28951",Y,miles
575,Billy Wright,778-48-7473,"97958 Brady Mall
Hollyshire, VI 20846",N,hours
576,Mary Sosa,190-17-0015,"USCGC Lewis
FPO AA 97165",Y,miles
577,Robert Sanchez,100-42-0724,"451 Walker Isle
Johnsonfort, TN 07363",Y,hours
578,Christopher Adams,115-55-3014,"343 Robinson Stravenue Suite 241
Lake Zachary, CA 14378",N,hours
579,Amy Ramos,467-99-3015,"03520 Shannon Turnpike Suite 488
Barnesborough, OK 08981",Y,miles
580,Danny Johnson,680-86-4784,"36352 Mark Valley
New Jamesbury, OK 24143",Y,miles
581,Brian Stewart,859-85-0846,"PSC 0551, Box 5500
APO AP 48426",N,miles
582,Kaitlyn Fields,143-77-2827,"050 Chloe Ridge Apt. 913
North Christopher, MA 60354",Y,hours
583,John Miller,010-45-3805,"USCGC Vasquez
FPO AP 34752",N,miles
584,Donna Hernandez,115-77-3782,"Unit 9289 Box 5661
DPO AP 87378",Y,miles
585,Derrick Finley,656-39-7788,"84632 Henderson Avenue Suite 729
Lake Jasonmouth, CT 95631",Y,hours
586,Diane Sanders,453-33-0499,"316 Stephanie Walks Apt. 872
Davidstad, KS 70034",N,miles
587,Joshua Rice,216-66-3373,"0185 Brian Ville Apt. 273
Port Rhonda, TN 26742",N,hours
588,Megan Walker,393-24-1899,"21356 Tammie Flat
West Katherinehaven, PA 99886",N,hours
589,Dylan Paul,890-51-9806,"5361 Gary Brook
Morrisberg, PR 98142",Y,hours
590,Jonathan Barr,277-79-0656,"615 Kevin Plains
Johnburgh, MH 42411",Y,hours
591,Brian Johnson,699-55-8665,"03668 Steven Flat Apt. 569
Lake Kimberly, TX 71777",Y,miles
592,Ryan Terry,870-55-2471,"58766 Coleman Fork
Markborough, SC 50974",N,miles
593,Christy Zamora,359-13-3081,"5555 Matthews Forge
Patrickhaven, WA 34506",N,miles
594,Darryl Boyle,743-61-0332,"828 Ann Forges Apt. 111
Antoniohaven, MT 63561",N,hours
595,Joshua King,834-76-4417,"550 Tina Mountain
Jacobsstad, ME 88914",N,miles
596,Adam Carter,013-06-7534,"063 Smith Loaf
Angiechester, LA 64745",Y,hours
597,Kimberly Mathews,187-90-9564,"96809 Jeffery Circles Suite 707
North Andrea, MA 16760",N,miles
598,Mrs. Christine Atkinson,033-67-6090,"77004 Mitchell Avenue
New Nancy, PA 40357",N,hours
599,Daniel Henderson,572-13-3444,"32125 Jacqueline Tunnel Apt. 387
Floreston, HI 45489",Y,miles
600,Jason Ellis,578-86-2351,"5698 Garcia Square
Rodrigueztown, KY 60113",N,miles
601,Kelly Taylor,848-60-1734,"0759 Pamela Neck Apt. 137
Ricardomouth, ND 92346",Y,hours
602,Andrea Allen,292-30-9206,"131 Shaw Gardens
Kimside, LA 06236",N,hours
603,Ellen Colon,355-91-3450,"054 Smith Junction
New Jennifershire, MD 14552",Y,miles
604,Mrs. Anne Baker,151-76-8157,"7058 Michelle Forges
Port Charlenebury, ME 41509",Y,miles
605,Thomas Thompson,227-98-3993,"9909 Christensen Drives
Deborahshire, VA 17329",N,hours
606,Robert Adams,028-73-6789,"55034 Wise Drives
Hesshaven, WY 41816",N,miles
607,Joseph Chambers,209-93-6007,"885 Miller View Apt. 456
Perezmouth, DE 10466",N,hours
608,Sean Williams,497-88-8193,"797 Green Extensions Suite 264
Codyport, OR 57568",Y,hours
609,Allison Vance,883-33-7848,"0631 Davis Park
Kellerhaven, FL 05128",N,hours
610,Robin King,040-02-7569,"540 Porter Rest
South Dylan, PW 27681",N,miles
611,Rachel Thomas,400-71-7428,"536 Crawford Drive
Port Annstad, WV 64366",N,miles
612,Ryan Black,189-74-5960,"40945 Travis Course
West Danielview, PR 59984",N,hours
613,Nancy Christian,140-75-2287,"63240 Adams Station
New Paulmouth, WI 42698",Y,miles
614,Michelle Potter,387-52-5048,"337 Victoria Dale
Erikville, CO 88148",N,miles
615,Derrick Campbell,579-09-5899,"8357 Jennifer Camp Apt. 077
Mendezport, MA 64271",N,hours
616,William Robertson,895-05-2536,"443 Anthony Parkways Suite 496
Jorgeside, ME 27495",N,hours
617,Tyrone Vazquez,054-27-8664,"1608 Kevin Courts Apt. 423
Navarroburgh, DE 34321",N,miles
618,Kristi Williams,014-01-9456,"860 Julian Stravenue Apt. 093
Davisview, MS 44402",Y,miles
619,Stephen Suarez,363-98-4377,"809 Morales Lake Apt. 889
Brittneyton, GA 28987",N,hours
620,Brian Mcpherson,153-08-3178,"92280 Stephens Plain
Lake Karen, MD 48696",N,hours
621,Jennifer Hansen,649-06-0467,"081 Walker Estates Suite 542
New Teresa, NH 75675",Y,miles
622,William Pratt,614-25-8245,"40743 Sandra Canyon
Jorgetown, VI 70496",Y,hours
623,Shawn Espinoza,082-10-9079,"91687 Leon Summit
New Melissa, AR 16460",N,miles
624,Daniel Mendoza,506-31-0011,"00180 Johnson Orchard
Lindseyhaven, SD 36735",N,hours
625,Lisa Hoffman,729-89-8388,"910 Marcus Manor
Port Margaretburgh, NJ 24334",Y,hours
626,Brandon Hall,767-74-5414,"877 Emily Groves
New Christinaville, NM 59974",Y,hours
627,Mark Mckee,089-88-5436,"USS Jackson
FPO AE 68240",Y,miles
628,Nichole Pratt,497-76-0421,"611 Robert Harbor Apt. 480
East Kellymouth, MI 89494",Y,miles
629,Elizabeth Butler,884-28-0592,"376 Whitehead Row
New Joshua, AS 87394",N,hours
630,Matthew Thornton,707-66-7504,"USCGC Harris
FPO AA 22985",N,hours
631,Barbara Odonnell,697-93-9184,"0622 George Isle Apt. 458
West Scottborough, MN 16348",N,miles
632,Tyler Guerrero,455-11-0637,"967 Smith Parkway Suite 762
Joannaview, IN 30287",Y,miles
633,Shawn Davidson,660-25-2159,"941 Howard Vista
West Samuelton, PA 08888",N,hours
634,Natalie Turner,032-90-4257,"8539 Betty Street Suite 959
Gutierrezstad, PR 35612",Y,hours
635,Angela Hernandez,503-78-4564,"5349 Monica Fields Suite 636
Robinsontown, VI 31249",N,miles
636,Henry Garcia,570-63-0713,"541 Emily Parkways
Wheelerport, ME 30814",Y,hours
637,Katie Gibson,721-70-7975,"238 Valdez Mountain Apt. 887
West Catherine, AZ 04477",Y,hours
638,Cody Ramos,717-27-7861,"212 Pitts Village Suite 066
Ernestport, FM 07903",N,miles
639,Suzanne Ferguson,664-65-2545,"42932 Cross Centers
Kristinton, VI 50954",Y,miles
640,Nicholas Adams,375-61-1256,"897 Darrell River Apt. 581
Davidville, NV 56660",Y,hours
641,Alexis Conrad,541-03-4060,"64471 Melton Harbor
Lake Davidview, GU 50162",Y,miles
642,Jessica Arroyo,757-56-7690,"6207 Anthony Key
West Andreaburgh, CA 27039",N,miles
643,Jon Taylor,722-26-2366,"PSC 8600, Box 0224
APO AE 98013",N,hours
644,Marissa Miller,249-79-4896,"85461 Katherine Dam
West Caitlinburgh, TX 39763",Y,hours
645,Cathy Sparks,106-33-9844,"USS Smith
FPO AE 28257",Y,miles
646,Mrs. Holly Smith,751-92-5927,"49894 Thomas Centers
Cynthialand, PW 87532",Y,hours
647,Dr. Theresa Potts,552-79-4981,"284 Kelsey Ville Apt. 484
Port Toddburgh, NV 14768",N,miles
648,Steven Johnson,796-63-1231,"0538 Byrd Station Suite 677
East Christina, LA 62298",N,hours
649,Mia Farmer,567-62-3066,"543 Tammy Plaza Suite 849
North Melissa, WV 11732",Y,hours
650,Maria Kelly,860-16-4469,"8879 Scott Lock Suite 012
Lake Tracy, NM 33090",N,hours
651,Rebecca Ortiz,262-56-4819,"PSC 3186, Box 9670
APO AP 38350",N,hours
652,Christopher Lee,800-16-0679,"5166 Banks Hills Apt. 837
Haleyland, WA 23816",Y,hours
653,James Bennett,290-73-5454,"502 Mark Extension
Parkerhaven, CT 95726",N,miles
654,Bradley Luna,690-27-2811,"PSC 0427, Box 4917
APO AE 20200",Y,hours
655,Tina Mason,002-82-5503,"8714 Bethany Summit
Gabriellefort, WI 54299",Y,miles
656,Gregory Escobar,746-02-0371,"700 Avila Mountain
Owenborough, TX 68575",Y,miles
657,Heather Leonard,810-06-5232,"81024 Ana Wall Suite 818
New Markton, IN 82269",N,miles
658,Claudia Yates,171-77-8700,"4092 King Causeway Apt. 523
Sarahburgh, TX 76317",Y,miles
659,Jeffrey Moore,404-57-2848,"811 William Squares Suite 039
Martineztown, PA 28329",N,hours
660,Alvin Barton,837-22-3508,"02400 Aaron Stravenue Suite 062
Smithview, ID 98509",N,miles
661,Brandon Brown,662-96-6168,"71416 Allen Canyon
New Kaitlyn, ID 77992",N,miles
662,William Thompson PhD,229-75-6082,"542 Wang Run
Davidburgh, MN 76155",Y,hours
663,Gregory Perez,712-15-0857,"000 Ramsey Mews Suite 268
Lake Debramouth, VI 67969",N,miles
664,Melissa Gomez,723-35-2988,"9107 Jennifer Ranch
Jeremyside, ME 10424",N,miles
665,Jonathan Brown,303-09-1892,"Unit 7241 Box 7811
DPO AE 21960",N,miles
666,Vicki Kelley,833-60-9855,"76904 Felicia Plaza Suite 453
Melissaland, RI 76638",N,hours
667,Stacy Charles,197-49-7650,"889 Karen Station Suite 908
Proctorport, IA 58673",Y,miles
668,Robert Salas,251-29-5298,"966 Nelson Ford
Wilsonhaven, KY 51579",Y,miles
669,Tyler Jones,300-55-4809,"85796 Mark Manor Suite 792
New Morganside, MP 72335",N,hours
670,Tiffany Reese,892-20-1099,"9963 Dennis River Suite 039
Port Tina, VI 62847",Y,hours
671,Tyler Mcconnell,360-82-0805,"898 Johnson Centers
East Lisa, VI 90864",N,hours
672,Caleb Bartlett,740-08-2810,"29552 David Trail
Conwayfurt, TN 14204",N,hours
673,Stephanie Scott,004-74-8239,"938 Cook Garden Apt. 113
Andrewtown, AR 61965",N,miles
674,Rachel Howe,417-48-7391,"53241 Williams Inlet
Cassieview, GU 41022",Y,hours
675,David Perry,335-44-4264,"43086 Elizabeth Ports
Martinezberg, OH 93492",Y,hours
676,Patricia Becker,271-64-9363,"2271 Jeffrey Dam Apt. 089
North Colleen, ND 81954",Y,miles
677,Tyler Hancock,230-15-7784,"51547 Brittany Park Apt. 960
East Johnmouth, OR 32692",Y,miles
678,Robert Wilson,342-58-5970,"715 Marks Cove Apt. 162
New Lisa, CO 17125",N,miles
679,Dr. Karl Marshall,599-91-6855,"31185 Warren Plaza
South Brandonville, WA 05950",N,miles
680,Jennifer White,664-95-0612,"225 Moore Gateway Suite 855
Port Jesse, OR 19536",N,miles
681,Laura Clarke,229-09-1836,"7672 Jonathan Mount
South Robert, PW 30596",Y,hours
682,Charles Fisher,286-93-7107,"916 Garcia Plain Apt. 109
New Marieberg, IL 15414",Y,miles
683,Joseph Smith,576-47-1764,"50553 Ashlee Roads Apt. 349
Adamsshire, VI 03319",Y,hours
684,Monica Barber,067-05-3368,"8347 Davis Pass
Burkeberg, MD 18350",Y,hours
685,Lindsey Cooper,138-92-7792,"963 Terri Ports Suite 750
Haileyville, VT 52183",Y,miles
686,Jason Patel,120-16-6418,"092 Stephen Square Suite 230
Victoriafurt, FL 71698",Y,hours
687,Kathleen Bryan,452-09-4100,"3635 Coleman Square
Ryanfurt, PR 18256",Y,hours
688,Miranda Hamilton,896-26-0791,"PSC 3698, Box 8583
APO AE 70455",N,hours
689,Rebecca English,082-40-2380,"8600 Smith Lane Apt. 480
Port Robertofort, PA 99646",N,hours
690,Sharon Wolfe,326-84-5751,"USNS Roberts
FPO AE 23056",N,miles
691,Carolyn Yoder,580-74-9875,"0509 Sanchez Prairie Suite 527
Port Carriemouth, PR 73179",N,miles
692,Ronald Jones,075-99-8111,"0642 Rogers Crossroad Apt. 752
East Danielle, ND 42202",Y,miles
693,Karen Parrish,694-25-6985,"033 Patel Ville
Victoriaton, PA 78608",Y,hours
694,Christopher Rosario,317-11-5909,"465 Ryan Dale
Smithshire, GU 51385",N,miles
695,Colleen Johnson,485-19-9302,"55515 Padilla Station
Lake Donna, KS 07787",N,hours
696,Katie King,160-20-8805,"27517 Mueller Villages Apt. 264
Samanthashire, MD 71573",N,miles
697,Barbara Grant,576-46-9083,"696 Robert Field Apt. 677
Lawsonhaven, VA 11570",N,hours
698,Natalie Miller,752-63-1737,"361 Cunningham Expressway
Watersberg, NM 07829",N,miles
699,Donald Cooley,259-55-6690,"906 Trevor Fork Suite 639
North Hannahchester, NH 64724",Y,miles
700,Jeffrey Lucas,266-11-1306,"9904 Ellis Pass Suite 996
New Eric, SC 10496",Y,miles
701,Steven Macdonald,349-44-9673,"766 Gilmore Squares Suite 043
North Sharon, NE 70822",Y,miles
702,Thomas Thompson,540-92-3209,"636 Allison Stream Apt. 310
Pollardview, GU 10016",Y,miles
703,Michael Yang,715-66-9387,"3412 Williams Rest Suite 280
New Shannonburgh, MN 19461",N,miles
704,Miranda Johnson,693-10-3949,"5714 Weber Skyway
New Julie, AK 76251",N,hours
705,Brianna Maxwell,340-53-2194,"0814 Edwards Dam
North Raymondfort, OK 70052",Y,miles
706,Heather Clark,082-82-4028,"67945 Carlos Highway Suite 999
Lake Paula, WI 14450",N,hours
707,Cynthia Shaw,008-74-1096,"PSC 0308, Box 9729
APO AP 13843",Y,miles
708,Katherine Bright,370-37-2566,"309 Casey Square
Larsonhaven, MI 55908",Y,hours
709,Miss Michelle Hall,028-79-9575,"832 Robertson Views
New Carrie, ME 36829",N,hours
710,Kayla Gaines,894-30-8107,"799 Thomas Wall Apt. 869
Lake Tinaton, CT 47381",N,hours
711,Joseph Andrews,423-36-2381,"PSC 7144, Box 0534
APO AE 85302",Y,miles
712,Charles Chandler,245-27-4485,"007 Richard Prairie
New Heather, TN 09805",Y,hours
713,William Christian,380-34-6512,"54841 Jared Square
Port Adam, TX 04473",Y,miles
714,Katherine Booker,883-15-3946,"65831 Fisher Locks Apt. 412
Mossport, VI 84476",Y,hours
715,Sean Johnson,857-55-3820,"4131 Brian Trafficway Apt. 894
Millerchester, KS 73435",N,hours
716,William Hernandez,123-47-0582,"0336 Cole Shores Suite 526
East Natalie, MT 94291",Y,hours
717,Brian Barnes,226-02-8788,"USS Cook
FPO AA 66539",Y,hours
718,Jeffrey Cooper,149-58-7356,"8205 Hodges Fort Apt. 716
Smithhaven, FL 01637",Y,miles
719,Andrew Gonzalez,300-76-8455,"0891 Johnson Prairie Apt. 135
Higginstown, AR 59642",N,miles
720,Sandra King,170-22-4215,"8349 Martinez Rapid
Robertstown, IN 33912",Y,miles
721,Patricia Black,715-36-9786,"54217 Elizabeth Lodge Apt. 271
West Michaelport, OK 72240",Y,miles
722,Monica Fernandez,111-81-1181,"66443 Porter Pine
East Sophiaburgh, FM 94478",Y,hours
723,Ann Dalton,092-47-9619,"82616 Cindy River Suite 718
East Jenniferberg, OR 67243",Y,hours
724,Melissa Alexander,828-64-5563,"933 Guerrero Expressway Suite 897
Shannonberg, IN 49304",Y,miles
725,Patricia Lloyd,876-10-9193,"079 Mariah Bridge
South Josephton, WI 64103",N,hours
726,Michael Savage,509-84-4576,"28135 Christy Fords Suite 816
Longmouth, ND 87174",Y,hours
727,Mary Lee,018-16-1648,"1225 Freeman Landing
East Jennifer, ND 88297",N,miles
728,Nicholas Johnson,130-14-5648,"68343 Mercer Cliffs Suite 851
West James, FL 85636",N,miles
729,Matthew Ellis,498-42-5871,"0208 Randy Hollow
Austinmouth, VI 16734",Y,miles
730,Javier Dominguez,681-10-3064,"PSC 6722, Box 5437
APO AA 81406",Y,miles
731,Michael Taylor,347-18-2218,"67214 Ortiz Lock
Lake Patricia, PW 38363",Y,miles
732,Jacqueline Gregory,719-87-7844,"101 Chambers Valleys
Dillonborough, CO 44440",Y,miles
733,Kevin Stark,517-45-2027,"57584 Mendez View
West Adam, OH 25926",Y,hours
734,Debra Davenport,047-39-7637,"07047 Bishop Locks
Lisamouth, FL 22999",Y,miles
735,Brenda Buckley,542-94-4604,"231 Aguilar Station Suite 260
West Samuelmouth, NV 76427",N,miles
736,Kevin Cook,705-56-4448,"252 Erik Union
Lake Joyborough, MP 79668",N,hours
737,Deanna Jarvis,046-98-6181,"65788 Kathryn Land Apt. 535
Mendozabury, VT 74496",Y,hours
738,Kelly King,336-67-4318,"02718 Nelson Port
New Thomasside, NY 49253",Y,miles
739,Katherine Pearson,597-69-2013,"86139 Mack Shoal Suite 478
Lake Cynthia, MD 95415",N,miles
740,Edward Dougherty,758-12-3169,"Unit 7953 Box 1472
DPO AA 05118",N,miles
741,Austin Shepherd,290-33-2388,"01861 Dawson Dam Apt. 199
Tammyburgh, KS 94664",Y,hours
742,Nicole Morgan,665-73-5317,"97122 Nicole Place Suite 337
Lake Francisco, MH 62059",N,miles
743,Catherine Herrera,130-07-4075,"54781 Heidi Shore Suite 857
Roberttown, AS 32933",Y,miles
744,Patricia Lee,088-92-6066,"482 Shelby Trafficway
Port Kimberly, RI 42225",Y,hours
745,Michael Morales,653-43-7185,"4071 Cox Lock Apt. 590
New Patrick, MN 35554",Y,hours
746,Mariah Jones,481-17-0283,"Unit 1815 Box 0571
DPO AP 37634",Y,hours
747,Melanie Duran,415-64-6678,"131 Gonzalez Avenue
Smithstad, VT 30404",Y,miles
748,Christopher Johnson,332-96-3016,"3679 Andrea Squares
Alanville, MO 85373",Y,miles
749,Suzanne Long,466-16-3814,"313 Molina Crest
Lake Rhondaport, MS 47022",N,miles
750,Vanessa Miles,487-13-5043,"93775 Ashley Land
Lake Jared, KS 36303",N,hours
751,Gloria Bush,271-60-1676,"645 Nguyen Center
Brooksstad, GA 83318",Y,hours
752,Curtis Allen,826-20-3760,"8447 Danny Forge Apt. 868
Brownstad, IL 52678",Y,miles
753,Amanda Morgan,717-65-4441,"USNS Lowe
FPO AP 12445",Y,miles
754,Daisy Smith,316-76-4984,"Unit 2084 Box 4757
DPO AE 86358",Y,hours
755,Crystal Franklin,366-06-3858,"28268 Davis Cape Suite 848
North Abigailfurt, MT 58245",Y,miles
756,Kelsey Smith,465-78-9800,"781 James Club
Lake Scott, DE 35084",N,hours
757,Amy Harris,804-36-9786,"200 Paul Ports Suite 180
Colinshire, AZ 48630",N,hours
758,Carol Nichols,662-86-1539,"245 Mary Green Suite 462
New Steven, MI 31001",Y,hours
759,Jennifer Gray,632-19-6724,"126 Amy Ridges
Patriciaton, NE 21595",N,hours
760,Jessica Simpson,156-18-8040,"825 Patricia Lane
North Matthewfurt, KS 89257",N,hours
761,David Bishop,247-94-9008,"80498 Jacqueline Circles
North Jasminebury, TX 22032",Y,miles
762,Christopher Smith,114-75-4931,"7432 Taylor View Suite 052
Shannonmouth, CA 13125",N,hours
763,Mrs. Karen Gomez MD,373-31-8776,"USNS Dominguez
FPO AA 27052",Y,hours
764,Virginia Miller,619-56-5255,"468 Bauer Land
Bradyville, OR 25177",Y,hours
765,Victoria Moore,185-16-8482,"11708 Sanchez Summit
Pearsonfort, VT 66846",Y,hours
766,Terry Hughes,730-55-5342,"952 Wilson Island
South Jacob, TX 20502",N,hours
767,Christian Chambers,059-64-4417,"9508 Kelli Corners
South Taylorbury, DC 18359",N,miles
768,Casey Scott,349-43-9115,"3775 Jessica Plain
New Miguel, MN 63218",N,miles
769,Gwendolyn Hobbs,462-44-7973,"2675 Megan Knoll Suite 376
East Carolyn, MH 17762",N,hours
770,Philip Blair,109-10-4909,"60358 Thomas Port Apt. 314
New Kathleentown, AK 27646",N,hours
771,Marcus Collins,192-85-6143,"298 Martin Well
Keithland, WA 17469",Y,miles
772,Angelica Frost,023-50-4246,"PSC 3870, Box 4709
APO AA 26171",Y,miles
773,James Obrien,042-04-3569,"35458 Laura Crossing Suite 372
North Gregory, UT 94222",N,miles
774,Lisa Harrington,860-60-5658,"8284 Garza Village Apt. 942
New David, UT 95481",Y,miles
775,Vanessa Wood,887-52-4533,"4171 Cameron Cape Apt. 963
North Robertfurt, WY 68100",N,hours
776,Jennifer Williams MD,217-51-6826,"7840 Wright Estates Suite 942
North Amanda, GU 89508",N,hours
777,Jennifer Leonard,768-42-1118,"651 Ellis Bridge
North Jesseview, DC 10033",Y,hours
778,Stacey Smith,223-51-2650,"99002 Christina Knolls Suite 853
Lake Kurt, GA 05025",N,hours
779,Emily Shields,274-32-5406,"7933 Anthony Extensions
North Brandon, NE 85656",Y,hours
780,Rachel Hawkins,372-93-6277,"221 Raymond Junction Suite 076
South Rachelburgh, MA 69577",N,miles
781,Mary Browning MD,460-26-5362,"037 Stephanie Street
South Rebecca, AK 05094",Y,hours
782,Angelica Saunders,626-24-3230,"33453 Anthony Passage Suite 963
Mariabury, MI 72674",N,miles
783,Kevin Hernandez,179-48-4437,"04369 Keller Orchard
Wheelerfort, GU 78157",Y,hours
784,Jimmy Walter,226-44-2057,"381 Tiffany Divide
East Rachelton, GU 22548",N,hours
785,Gregory Williams,274-08-5500,"628 Carolyn Islands
West Chasebury, MH 32580",N,miles
786,Troy Forbes,605-14-6663,"466 Scott Harbors Suite 026
Harrisfurt, KS 52971",Y,hours
787,Kayla Yu,724-20-4599,"59317 Moore Ports
Nicholasmouth, ID 34527",N,miles
788,Lindsey Wells,641-24-4311,"11436 Farrell Neck
Michaelchester, SC 73293",N,hours
789,Rachel Green,122-62-6214,"295 Gabrielle Key Apt. 797
Shelbyhaven, FM 45525",N,miles
790,Cindy Avila,518-51-7370,"9383 John Cliffs Suite 213
Thompsonville, NV 54903",N,hours
791,Karen Buckley,128-06-6693,"20011 Garcia Fork Suite 458
Travisshire, AL 54833",N,miles
792,Sara Henderson,582-42-0855,"5821 Holly Curve
New Janice, DE 90873",Y,miles
793,Jennifer Clark,664-49-4214,"04222 Jensen Brooks Apt. 265
Lake Lisafurt, MH 36471",Y,hours
794,Jason Cruz,325-48-4118,"964 Hunt Vista Suite 848
Lake Scott, OK 02000",Y,hours
795,Kevin Duran,090-77-0034,"1372 April Meadows
Phillipbury, VT 59301",Y,hours
796,Zachary Wilson,263-60-5054,"PSC 9016, Box 0276
APO AP 76026",Y,miles
797,Chris Lopez,040-55-5781,"Unit 2889 Box 5107
DPO AA 74378",N,hours
798,Tony Mendoza,265-88-5843,"68211 Rodney Estates Suite 808
Port Andrew, RI 09313",Y,miles
799,Robert Hernandez,149-65-5200,"49386 Long Place
North Benjamin, AS 50557",Y,hours
800,Arthur Torres,242-75-3938,"861 Abbott Forest
North Sarah, UT 91450",Y,hours
801,Jeremy Jackson,460-19-7066,"1730 Brian Fords Apt. 933
Lake Sandramouth, FL 55588",N,miles
802,Mark Parks,571-68-1791,"8432 Brian Terrace
Phillipsside, NJ 76343",Y,hours
803,Natalie Allen,734-89-2121,"46556 Tracy Flats Suite 735
West Heatherburgh, GU 64811",N,miles
804,Russell Roberts,108-88-6214,"30792 Keller Square Apt. 360
East Carl, MH 29622",N,miles
805,Nicholas Roberts,473-22-4012,"97263 Jimmy Locks Suite 281
Scottchester, SD 91934",Y,miles
806,Michelle Pittman,773-21-6837,"88960 Berry Island
Mitchelltown, NE 86712",Y,hours
807,Thomas Bryan,795-02-9754,"70504 Olson Lights Suite 825
Martinezborough, MT 17953",N,hours
808,Amanda Russo,893-36-1356,"715 Christine Rapid
Mcmillanborough, VI 86214",N,hours
809,Chad Lin MD,478-99-5525,"41925 Jones Rapid
South Roy, AL 25433",N,hours
810,Jake Hicks,708-24-5676,"426 Patel Forest
Kimberlybury, FL 77629",Y,hours
811,Ashley Walker,513-27-4070,"0666 Michael Bypass
Riggstown, KY 59465",N,miles
812,Brandon Harmon,622-88-6777,"USS Wilson
FPO AE 51035",Y,miles
813,Gregory Anderson,346-63-1565,"3764 Zavala Underpass Suite 132
East Ellen, AZ 81232",N,hours
814,Glenn Bates,084-85-1283,"365 Young Lodge
West Leeborough, WV 22283",Y,hours
815,Kelly Haynes,499-26-9141,"Unit 6395 Box 5293
DPO AP 80274",Y,miles
816,Chelsea Chavez,607-89-0891,"PSC 2273, Box 3560
APO AE 75491",N,hours
817,Jeffrey Vega,695-34-7394,"625 Winters Isle Suite 197
Matthewside, ND 75094",N,miles
818,James Evans,459-45-4515,"2526 Boyd Square
Elizabethshire, DC 82798",Y,hours
819,Jesse Harrison,691-27-5707,"3902 Kelly View Apt. 643
West Evan, CT 17080",Y,miles
820,Gregory Dunn,767-04-0533,"306 Wendy Haven Apt. 772
Blanchardhaven, NE 65441",Y,miles
821,Anthony Perez,579-89-4875,"84589 Carter Turnpike Suite 195
East Carlaborough, MP 68915",Y,miles
822,Mark Coleman,413-26-7178,"84675 Herman Coves Apt. 027
Lake Ryanville, FM 91208",N,hours
823,Tammy King,404-24-6202,"7324 Emily Coves Suite 991
Vanceborough, IN 34160",N,miles
824,William Williams,688-87-0549,"71786 Lisa Ferry
Port Tamara, NH 40639",Y,hours
825,Karen Wheeler,233-77-5949,"31295 Walton Manors
Emilystad, ND 10475",N,miles
826,Patrick Zimmerman,244-67-3698,"2884 Gomez Common Suite 459
Mckeefurt, OR 47336",Y,hours
827,Darren Morrison,617-61-8937,"6613 Thompson Passage Suite 581
Kennethborough, AL 20001",Y,miles
828,Katherine Cobb,244-06-2152,"713 Ronald Rapid Apt. 316
Sandytown, AZ 43779",N,hours
829,Brandy Nelson,600-95-9200,"942 Smith Meadow Apt. 459
Robertshire, SC 14141",N,hours
830,David Bartlett,116-02-9555,"694 Gross Overpass Suite 749
Robertport, ID 32733",Y,miles
831,Ann Hill,805-87-9539,"3382 Cory Spring
Matthewsport, FM 45202",Y,miles
832,Janet Frank,859-04-8178,"711 Hamilton Estates
Tonymouth, OK 90595",N,hours
833,Wendy Glenn,215-62-9784,"6208 Erin Drive Suite 492
Nicholasmouth, MA 06481",Y,hours
834,Thomas Johnson,488-39-0542,"Unit 8194 Box 4679
DPO AP 75132",Y,miles
835,Gary Salas,409-87-2769,"5617 Drew Square Suite 830
Lake Randallborough, ID 09785",Y,miles
836,Zachary Burns,143-70-8702,"204 Davis Locks
Port Anthonyshire, TN 74022",N,miles
837,Ashley Jones,318-23-8409,"220 Thomas Course
Port Amandaport, MD 06486",N,hours
838,George Mathews,423-34-2890,"5546 Casey Mountains
North Jasonfort, NC 49127",N,hours
839,Samuel Stephenson,751-07-6581,"PSC 0856, Box 0122
APO AE 36231",N,miles
840,Tonya Moreno,136-16-6623,"5104 Dennis Rapid
South Michaelland, TX 05775",Y,miles
841,Angela Garcia,359-14-9811,"62470 Carl Cliff
Woodhaven, VI 72721",N,miles
842,Jonathan Nichols,831-69-1511,"25665 Mary Hollow Apt. 610
Leonardland, MA 97483",N,hours
843,Melanie Moreno,414-18-5622,"7738 Perez Trail Suite 774
Farrellfort, FL 57756",N,hours
844,Emma Joyce,400-09-5187,"85222 Cynthia Spurs Apt. 888
Phillipsville, MS 12444",Y,hours
845,Elizabeth Nielsen,759-65-4288,"967 Webb Flat
Donnaburgh, AK 59209",N,hours
846,Jeremy Smith,696-25-3138,"289 Andrea Creek Apt. 808
Allisonchester, NV 81108",N,miles
847,Deanna Page,737-45-2050,"29386 Jamie Lake Apt. 517
Port Jennifer, AK 85778",N,hours
848,Scott Lane,841-83-0556,"094 Anderson Mission Suite 809
East Jamie, TX 29752",N,miles
849,Jason Gonzales,728-12-8496,"47328 Parker Key Suite 458
North Raymond, AR 89319",Y,hours
850,Clarence Cervantes,669-37-3399,"10243 Jonathan Islands
Woodland, PW 32019",N,miles
851,Kathryn Trevino,471-11-8853,"5537 Kevin Falls Apt. 149
Arellanohaven, GU 63318",Y,hours
852,Elizabeth Patrick,758-31-0332,"06846 Adrian Curve Apt. 663
East Michael, PW 91896",N,hours
853,Jennifer Copeland,137-11-7179,"396 Lara Forge Suite 250
North Angelica, MD 82595",Y,hours
854,Laurie Walker,282-16-3702,"27532 Moore Harbor Suite 261
Port Monica, NC 55641",Y,miles
855,Adam Russell,429-85-1507,"9757 Pollard Mission
New Oscar, AL 02669",Y,hours
856,Jennifer Miller,633-08-3661,"024 Joseph Ramp
East Rebecca, FM 78662",N,miles
857,Sarah Mendoza,251-46-4097,"130 George Springs
Hubbardshire, MP 12944",N,hours
858,Gavin Benson,627-23-0658,"2234 Bush Track Suite 938
Hawkinsburgh, SD 55529",N,miles
859,John Daniel,580-49-3962,"5848 Hicks Crescent
Port Bryan, WY 53263",N,miles
860,Audrey Rubio,471-95-0418,"4085 Holland Extensions Apt. 695
West Stephenport, ID 74798",N,miles
861,Robin Bishop,596-37-9047,"69227 Carter Spurs
New Anthonyview, FM 01903",N,hours
862,Melissa Murphy,517-49-7199,"28731 Brennan Tunnel
Christopherville, DC 41674",N,miles
863,Nicholas Collins,324-41-6979,"69489 Jason Forest
Port Kimberly, VI 17967",N,hours
864,Ethan Miller,082-38-1767,"726 Mosley Streets
West Jennifer, NM 34777",Y,miles
865,Michelle Thompson,887-31-3598,"292 Heather Mission
North Mark, KS 55193",N,miles
866,Cynthia Hughes MD,869-94-7990,"59138 Morris Manor
Raymondland, MA 28483",N,hours
867,Michael Cox,196-60-9524,"777 Baker Motorway Suite 806
Georgetown, NM 73094",Y,hours
868,Rachel Morris,679-04-1273,"8446 Gonzalez View
East Robert, NJ 68750",Y,hours
869,Jason Montgomery,096-38-4806,"PSC 3475, Box 3969
APO AP 24897",N,hours
870,Zachary Griffin,114-45-1363,"14723 Chelsea Highway Apt. 096
Amandashire, MH 75263",N,hours
871,Nicole Mullen,064-80-0144,"66774 Justin Unions Apt. 891
Foxshire, LA 27186",Y,hours
872,Kelly Callahan,304-01-8903,"845 Gabriela Walks
East Jennifer, IN 65204",N,hours
873,Brandon Trevino,400-49-8458,"USNS Smith
FPO AP 68793",Y,hours
874,Anthony Barrera,862-55-5973,"0337 Pham Valley
Joshualand, NV 41875",Y,hours
875,Brenda Skinner,360-48-0994,"846 Choi Plains Apt. 997
Lynchview, NV 02166",N,hours
876,Carla Hanson,639-37-8300,"79869 Schaefer Valleys Apt. 865
Debraland, MP 02442",N,hours
877,Kevin Graham,741-33-5983,"332 Chelsea Light Apt. 852
Patricialand, AK 86975",N,hours
878,Nicole White,607-97-1889,"64843 Joseph Motorway
Lake Michellefurt, VT 18653",Y,miles
879,Bradley Johnson,194-34-2110,"7426 Thompson Loop Apt. 806
Lake Christinehaven, TN 11691",Y,hours
880,Robert Hernandez,475-08-7814,"0312 Roberta Club
Lake Dustinbury, NJ 91603",Y,miles
881,Christopher Beck,642-62-9859,"561 Smith River
Brianmouth, AZ 47915",N,miles
882,Michael Marshall,101-19-3863,"06651 Robin Highway
Port Devonberg, IA 95585",Y,hours
883,Jonathan Forbes,033-47-3796,"3347 Robertson Greens
Port Melaniebury, CT 39875",Y,hours
884,Francisco Hicks,595-80-5457,"67675 Grace Flat Suite 376
Tarabury, WY 31502",Y,miles
885,Kirsten Myers,246-11-6807,"478 Tanner Camp Suite 793
Joseland, OK 22107",N,miles
886,Pamela Walker,758-45-6393,"635 Kelly Crescent
Rosaleston, IA 52075",Y,hours
887,Catherine Lee,825-39-9290,"6941 Grant Mews
Ashleyberg, WV 04195",Y,hours
888,Timothy Johnson,225-34-5302,"46612 Jeffrey Plain
Lake Natashatown, SC 82236",N,hours
889,Michelle Wood,165-13-9728,"5816 Suarez Corners Apt. 171
South Angelafort, NY 48307",Y,hours
890,Diana Harvey,421-68-0417,"88212 Zimmerman Neck Apt. 191
South Thomas, NC 02040",N,hours
891,Kelly Craig,833-13-9577,"555 Trevor Island
Port Kevin, NH 47190",Y,miles
892,Charles Hunt,242-87-5312,"8022 Bass Flats Suite 397
Wuville, CA 60761",Y,miles
893,Tyrone Carter,389-61-4630,"341 James Drive Apt. 290
West Williamborough, IL 83490",N,miles
894,Michele Wells,162-96-7579,"486 Logan Mill Suite 133
West Bryanview, CT 60411",Y,hours
895,Patrick Guzman,319-99-9136,"USCGC Smith
FPO AP 63584",N,hours
896,Jessica Jackson,735-98-6415,"06078 Wolf Manor
Matthewhaven, WY 87756",N,hours
897,Cory Ward,665-82-4426,"3518 Richard Square Apt. 887
Lake Seanbury, ME 09585",N,miles
898,Steve Young,447-93-5480,"545 Jacqueline Road Suite 317
Smithfort, LA 66319",Y,hours
899,James Rodriguez,877-44-7731,"516 Charles Street
West John, MT 35739",Y,hours
900,Todd Evans,809-68-3910,"6023 Calvin Rue
North Susanfort, AR 76807",Y,miles
901,Shawn Smith,176-48-5946,"747 Michael Brooks
Lake Ashley, NJ 41601",Y,hours
902,Alexis Dillon,598-82-4983,"88798 Donald Tunnel Apt. 889
West Beverly, WY 46099",N,hours
903,Mark Lewis,796-90-7002,"32411 Young Ramp Suite 618
Rachelchester, NY 09775",N,hours
904,Robert Jones,138-48-6050,"51109 Miles Plains
Christopherstad, IL 78535",Y,hours
905,Matthew Guerrero,526-17-4264,"7950 Joyce Plains
Jamesville, SC 97518",N,hours
906,Christy Torres,638-12-9077,"62104 Crawford Pines Apt. 799
Taylorfurt, MH 57940",N,hours
907,Marcia Marshall,522-65-7419,"6036 Williams Island
Port Debra, AL 37889",N,hours
908,Leslie Humphrey,058-23-8486,"9120 Christopher Island Suite 382
Lake Anthonybury, NE 00790",Y,miles
909,Lisa Fisher,261-65-3028,"296 Michael Isle Suite 963
Lake William, GU 49611",N,hours
910,Malik Ferguson,877-49-8871,"USCGC Mcdaniel
FPO AE 97306",N,miles
911,Clinton Richards,722-17-2977,"74475 Smith Ports Apt. 664
Gravesville, NH 92211",Y,miles
912,James Brown,319-42-7419,"79644 Clark Course
Lake Katelyn, AZ 48599",N,hours
913,Linda Moore,041-03-6750,"2742 David Hill Suite 278
Sarafort, TN 60495",N,miles
914,Jonathan Peterson,336-79-2514,"410 Kaitlyn Alley
West Charlesport, AZ 75478",Y,hours
915,William Pierce,696-37-5192,"1475 Evan Radial Apt. 750
Port Rachaeltown, MI 29161",N,hours
916,Alexandra Davis MD,161-08-3617,"97157 Tiffany Coves Apt. 158
Christinestad, AZ 25566",N,hours
917,Jessica Reid,352-22-7130,"USS Petty
FPO AP 64780",Y,miles
918,Jordan Johnson,258-97-5127,"5378 Lisa Mews Suite 527
South Jason, AS 65218",N,miles
919,William Stark,721-91-5756,"738 Gallagher Parks
East Lauren, AS 18660",Y,miles
920,Lori Anderson,848-06-0990,"9189 Woodward Highway Apt. 365
Munoztown, NY 28123",N,miles
921,Michelle Smith,194-10-2345,"2127 David Glens
Mooremouth, NV 51351",Y,miles
922,Erin Potter,325-68-6665,"596 Kristin Rue
Port Maryberg, AR 26041",N,hours
923,Michelle Garcia,402-23-6586,"89633 Foley Island
Port David, IA 70926",N,miles
924,Brittany Chase,830-24-0907,"PSC 2615, Box 9951
APO AA 24965",N,hours
925,Nina Welch,179-44-1141,"PSC 2737, Box 2611
APO AA 88447",N,hours
926,Matthew Fernandez,469-19-5313,"PSC 3259, Box 4917
APO AA 20341",N,hours
927,Rebecca Wood,459-93-3680,"37597 Miller Mission Suite 503
Scottport, GU 87118",Y,miles
928,Wendy Logan,376-92-0646,"99481 Lori Drives
New Ericberg, VA 24614",Y,miles
929,Amanda Thompson,588-23-2057,"USS Henderson
FPO AP 97239",Y,hours
930,Crystal Zamora,171-95-8729,"8093 Davis Cove
New Crystalmouth, KS 10016",Y,miles
931,Kelsey Gay,457-38-2614,"773 Lisa Streets
Jessicafort, MT 29052",Y,miles
932,Holly Hunt,112-59-8917,"639 Andrew Burg
Andreview, UT 36697",Y,hours
933,Thomas Malone,536-97-0058,"9169 Powers Stream Suite 274
Leebury, NE 66921",N,hours
934,Brittany Preston,045-22-2229,"6660 Walker Port
Marybury, PA 24529",Y,miles
935,Travis Ball,682-70-9156,"63342 Mitchell Knolls Suite 413
Jeffreyside, DE 25797",N,miles
936,Courtney Medina,354-35-2765,"093 Victoria Common Suite 592
North Cynthia, OH 94807",Y,miles
937,Michelle Campbell,844-46-3177,"6337 Ellis Turnpike Suite 177
Lake Rhondaport, MP 89092",Y,hours
938,Bobby Burke,032-10-4681,"89670 Pierce Overpass
Johnsonborough, CT 90206",Y,miles
939,Jennifer Rodriguez,695-37-7597,"71459 Robert Ports
Ashleyfurt, WV 59161",N,hours
940,Amanda Andrews,692-52-6896,"76746 Lawrence Mission
North Jacobton, OH 13159",Y,miles
941,Derek Durham,104-69-6444,"9436 Caleb Cliff
Moorebury, WA 01337",Y,miles
942,Leslie Cooke,195-76-3557,"7240 Joyce Glens Suite 357
Davidmouth, LA 76784",N,miles
943,Darlene Schwartz,648-82-3627,"71894 Brent Streets
East Michaelhaven, SC 87800",Y,miles
944,Brittany Smith,641-07-3097,"4167 David Mall Apt. 257
Lake Joseph, SC 53997",N,miles
945,Jeremy Brown,075-12-8277,"Unit 5328 Box 1948
DPO AE 70872",Y,hours
946,Thomas Jenkins,624-78-8985,"3067 Rodriguez Forge Suite 425
Avilaland, DC 67264",N,miles
947,Aaron Munoz,212-41-1630,"61815 Robert Dale Apt. 777
Jameschester, WV 16454",Y,hours
948,Sarah Thomas,661-65-2348,"838 Logan Forks
Garciafort, MS 05114",Y,miles
949,Danielle Spears,096-99-0157,"71686 Michelle Corners Suite 196
East Jonathan, MH 01394",N,hours
950,Pamela Miller,512-29-8307,"957 Steven Prairie Suite 807
Brandontown, KS 72800",Y,hours
951,John Nichols,451-40-5609,"6016 April Ramp
Port Traceyland, WY 46711",Y,miles
952,Tyler Gray,679-99-8228,"2238 Stephens Point
Lindseyland, DE 70247",Y,miles
953,William Odonnell,626-93-3207,"585 Montgomery Streets Apt. 616
Leeview, KY 79187",N,hours
954,Melissa Schwartz,188-92-3661,"9671 Bullock Isle Suite 048
Floresside, MH 77745",Y,hours
955,Jennifer Lamb,667-51-9844,"13519 Willis Plaza
Lake Ashley, AZ 99882",N,hours
956,Molly Lambert,870-19-9674,"01387 Amy Fort
Hernandezmouth, TN 71644",Y,hours
957,Angela Scott,246-05-4951,"200 Morales Highway Apt. 012
North Sharon, OH 14552",N,hours
958,Curtis Mann,383-71-6867,"23681 Palmer Turnpike Suite 482
West Tyler, PA 97806",Y,hours
959,Frank Williams,532-75-7441,"0590 Wesley Underpass
Lake Hannahfurt, WV 66987",N,miles
960,Marilyn Gross MD,559-76-0510,"USCGC Walker
FPO AA 01733",N,miles
961,Judith Chambers,432-94-3480,"22060 Seth Point
North Robertton, IA 76154",N,miles
962,Nicholas Rich,590-52-3085,"95592 Laurie Knolls Apt. 475
Mariahmouth, AS 65346",Y,hours
963,Erin Turner,403-58-2492,"4763 Bill Groves
Whiteton, NJ 92197",Y,miles
964,Jordan Ramos,839-96-1973,"9844 Ho Parks Suite 956
South Logan, ME 02305",Y,hours
965,Betty Hanna,404-86-6212,"56307 Pena Shores Apt. 178
Stricklandchester, NJ 31016",N,hours
966,Frank Jones,869-75-5393,"77745 Kenneth Streets
Woodwardberg, ME 42724",N,miles
967,Denise Nichols,703-02-4455,"30074 Marc Circles
North Kimburgh, HI 49863",N,miles
968,Erin Moon,440-16-5932,"77339 Johnathan Station
Lake Sandraside, IL 91385",N,hours
969,Ryan Tucker,338-14-6916,"6226 Hall Ridge
Sandovalville, CA 25614",N,hours
970,Mark Briggs,658-64-2985,"0412 Felicia Inlet
Thomasberg, DE 52297",N,hours
971,Darren Nunez,118-97-1006,"17680 Michael Green
West Jessica, MP 99710",N,hours
972,Christopher Park,570-63-0948,"15407 Williams Loaf
North Davidville, MT 40602",Y,hours
973,Benjamin Dunn,807-54-3844,"41646 Walter Cliff Suite 239
North Christine, GA 63824",N,hours
974,Stephanie Hurst,805-28-2376,"46271 Ball Freeway
West Bridgetmouth, WY 49009",Y,miles
975,William Williams,205-71-1106,"4917 Robinson Underpass Suite 262
South Timothy, WI 74818",Y,miles
976,Jill Coleman,320-72-4294,"23168 Beard Rest
Lawsonport, AR 03568",N,hours
977,Stephanie Moore,023-25-6071,"415 Clayton Creek Suite 135
North Gregory, WV 85223",Y,miles
978,William Jones,570-79-0629,"6170 Owens Keys
Richardfurt, PA 16104",Y,hours
979,David Gonzalez,762-62-5698,"16951 John Circle
South William, MS 46616",N,miles
980,Chelsea Thornton,161-34-4580,"72491 Thompson Parkway Apt. 575
Ericbury, OR 74060",Y,miles
981,Steven Hebert,324-14-5512,"13212 Steven Drive
Ericksonview, DE 43710",Y,hours
982,Sarah Elliott,640-79-0591,"120 Knight Streets
Garciachester, VT 53445",Y,miles
983,Randy Lee,450-22-6451,"83352 Shelby Via Suite 825
South Gregory, WV 98105",N,hours
984,Jeffrey Wilson,740-27-8205,"0522 Brooks Hollow
North Stacy, CA 06830",N,miles
985,Dennis Johnson,634-76-2526,"57048 Waters Ranch
New Douglas, MT 35911",N,hours
986,Lisa Moon,563-83-5192,"991 Wolf Shores Apt. 805
Benjaminborough, AL 38162",N,hours
987,Patricia Olson,365-42-3523,"4480 Villarreal Pines
Sandraville, MI 55922",Y,hours
988,Laura Gill,851-93-5154,"582 Warren Roads Suite 964
South Tyler, PA 61327",N,miles
989,Kenneth Frey,537-23-1568,"6624 Crystal Pike Apt. 494
East Georgeburgh, MO 74053",N,miles
990,Eric Hill,326-57-8061,"6237 Deanna Bypass
Carrview, ND 11424",N,miles
991,Matthew Holt,890-20-2422,"USCGC Rivera
FPO AE 33143",N,hours
992,Richard Davis,003-27-6840,"PSC 8303, Box 8955
APO AE 43024",N,miles
993,Candace Obrien,248-95-3512,"7608 Reyes Ville Apt. 809
Lake Margaretport, DC 79228",Y,hours
994,Steven Ramirez,284-05-5114,"9584 Austin Mount Suite 231
South Linda, NE 29743",Y,hours
995,Richard Gordon,480-51-9033,"3800 Anderson Fort Apt. 816
Angelaberg, RI 24735",N,miles
996,Calvin Lindsey,329-32-5593,"80077 Stanley Bridge Suite 236
Armstrongborough, MS 16588",N,miles
997,Mark Wells,048-61-4550,"36847 Douglas Circles
West Brandon, ID 66057",Y,miles
998,Terri Martin,673-85-8090,"986 Perez Crossing
Wilsontown, MN 82916",N,hours
999,Jessica Shelton,883-89-1167,"129 Smith Overpass Apt. 386
Port Cynthia, MN 30152",Y,miles
1000,Tina Callahan,356-93-1126,"657 George Mews
Garzaton, VA 90783",N,hours
1001,Alexis Gallagher,273-71-5258,"6572 David Crossing
Huntertown, MH 06269",Y,hours
1002,Larry Elliott,381-54-1614,"2530 Dorsey Estates
New Christinabury, WI 52304",N,hours
1003,Ellen Lucas,165-45-1895,"807 Donald Extension
Shanemouth, CO 85236",N,miles
1004,Erica Wall,397-92-5581,"USNV Murphy
FPO AE 30842",N,hours
1005,William Wheeler,519-80-6093,"91041 Jamie Mission Suite 899
Marthaberg, GU 39959",N,hours
1006,Samuel Thomas,302-30-5919,"71245 Todd Parkways
Bookerbury, ID 58616",Y,hours
1007,Ashley Mahoney,433-02-0230,"787 Evans Orchard
Gomezfort, FM 26597",N,miles
1008,Christian Ford,107-06-1600,"250 Jacob Court
Vasquezhaven, MT 33620",Y,hours
1009,Caitlin Fitzpatrick,443-32-5727,"PSC 6091, Box 6482
APO AE 40327",N,hours
